game_id,season,season_type,week,home_team,away_team,home_coach,away_coach,roof,home_score,away_score,home_margin,winner
2016_01_BUF_BAL,2016,REG,1,BAL,BUF,John Harbaugh,Rex Ryan,outdoors,13,7,6,home
2016_01_CAR_DEN,2016,REG,1,DEN,CAR,Gary Kubiak,Ron Rivera,outdoors,21,20,1,home
2016_01_CHI_HOU,2016,REG,1,HOU,CHI,Bill O'Brien,John Fox,closed,23,14,9,home
2016_01_CIN_NYJ,2016,REG,1,NYJ,CIN,Todd Bowles,Marvin Lewis,outdoors,22,23,-1,away
2016_01_CLE_PHI,2016,REG,1,PHI,CLE,Doug Pederson,Hue Jackson,outdoors,29,10,19,home
2016_01_DET_IND,2016,REG,1,IND,DET,Chuck Pagano,Jim Caldwell,open,35,39,-4,away
2016_01_GB_JAX,2016,REG,1,JAX,GB,Gus Bradley,Mike McCarthy,outdoors,23,27,-4,away
2016_01_LA_SF,2016,REG,1,SF,LA,Chip Kelly,Jeff Fisher,outdoors,28,0,28,home
2016_01_MIA_SEA,2016,REG,1,SEA,MIA,Pete Carroll,Adam Gase,outdoors,12,10,2,home
2016_01_MIN_TEN,2016,REG,1,TEN,MIN,Mike Mularkey,Mike Zimmer,outdoors,16,25,-9,away
2016_01_NE_ARI,2016,REG,1,ARI,NE,Bruce Arians,Bill Belichick,closed,21,23,-2,away
2016_01_NYG_DAL,2016,REG,1,DAL,NYG,Jason Garrett,Ben McAdoo,closed,19,20,-1,away
2016_01_OAK_NO,2016,REG,1,NO,LV,Sean Payton,Jack Del Rio,dome,34,35,-1,away
2016_01_PIT_WAS,2016,REG,1,WAS,PIT,Jay Gruden,Mike Tomlin,outdoors,16,38,-22,away
2016_01_SD_KC,2016,REG,1,KC,LAC,Andy Reid,Mike McCoy,outdoors,33,27,6,home
2016_01_TB_ATL,2016,REG,1,ATL,TB,Dan Quinn,Dirk Koetter,dome,24,31,-7,away
2016_02_ATL_OAK,2016,REG,2,LV,ATL,Jack Del Rio,Dan Quinn,outdoors,28,35,-7,away
2016_02_BAL_CLE,2016,REG,2,CLE,BAL,Hue Jackson,John Harbaugh,outdoors,20,25,-5,away
2016_02_CIN_PIT,2016,REG,2,PIT,CIN,Mike Tomlin,Marvin Lewis,outdoors,24,16,8,home
2016_02_DAL_WAS,2016,REG,2,WAS,DAL,Jay Gruden,Jason Garrett,outdoors,23,27,-4,away
2016_02_GB_MIN,2016,REG,2,MIN,GB,Mike Zimmer,Mike McCarthy,dome,17,14,3,home
2016_02_IND_DEN,2016,REG,2,DEN,IND,Gary Kubiak,Chuck Pagano,outdoors,34,20,14,home
2016_02_JAX_SD,2016,REG,2,LAC,JAX,Mike McCoy,Gus Bradley,outdoors,38,14,24,home
2016_02_KC_HOU,2016,REG,2,HOU,KC,Bill O'Brien,Andy Reid,closed,19,12,7,home
2016_02_MIA_NE,2016,REG,2,NE,MIA,Bill Belichick,Adam Gase,outdoors,31,24,7,home
2016_02_NO_NYG,2016,REG,2,NYG,NO,Ben McAdoo,Sean Payton,outdoors,16,13,3,home
2016_02_NYJ_BUF,2016,REG,2,BUF,NYJ,Rex Ryan,Todd Bowles,outdoors,31,37,-6,away
2016_02_PHI_CHI,2016,REG,2,CHI,PHI,John Fox,Doug Pederson,outdoors,14,29,-15,away
2016_02_SEA_LA,2016,REG,2,LA,SEA,Jeff Fisher,Pete Carroll,outdoors,9,3,6,home
2016_02_SF_CAR,2016,REG,2,CAR,SF,Ron Rivera,Chip Kelly,outdoors,46,27,19,home
2016_02_TB_ARI,2016,REG,2,ARI,TB,Bruce Arians,Dirk Koetter,closed,40,7,33,home
2016_02_TEN_DET,2016,REG,2,DET,TEN,Jim Caldwell,Mike Mularkey,dome,15,16,-1,away
2016_03_ARI_BUF,2016,REG,3,BUF,ARI,Rex Ryan,Bruce Arians,outdoors,33,18,15,home
2016_03_ATL_NO,2016,REG,3,NO,ATL,Sean Payton,Dan Quinn,dome,32,45,-13,away
2016_03_BAL_JAX,2016,REG,3,JAX,BAL,Gus Bradley,John Harbaugh,outdoors,17,19,-2,away
2016_03_CHI_DAL,2016,REG,3,DAL,CHI,Jason Garrett,John Fox,closed,31,17,14,home
2016_03_CLE_MIA,2016,REG,3,MIA,CLE,Adam Gase,Hue Jackson,outdoors,30,24,6,home
2016_03_DEN_CIN,2016,REG,3,CIN,DEN,Marvin Lewis,Gary Kubiak,outdoors,17,29,-12,away
2016_03_DET_GB,2016,REG,3,GB,DET,Mike McCarthy,Jim Caldwell,outdoors,34,27,7,home
2016_03_HOU_NE,2016,REG,3,NE,HOU,Bill Belichick,Bill O'Brien,outdoors,27,0,27,home
2016_03_LA_TB,2016,REG,3,TB,LA,Dirk Koetter,Jeff Fisher,outdoors,32,37,-5,away
2016_03_MIN_CAR,2016,REG,3,CAR,MIN,Ron Rivera,Mike Zimmer,outdoors,10,22,-12,away
2016_03_NYJ_KC,2016,REG,3,KC,NYJ,Andy Reid,Todd Bowles,outdoors,24,3,21,home
2016_03_OAK_TEN,2016,REG,3,TEN,LV,Mike Mularkey,Jack Del Rio,outdoors,10,17,-7,away
2016_03_PIT_PHI,2016,REG,3,PHI,PIT,Doug Pederson,Mike Tomlin,outdoors,34,3,31,home
2016_03_SD_IND,2016,REG,3,IND,LAC,Chuck Pagano,Mike McCoy,closed,26,22,4,home
2016_03_SF_SEA,2016,REG,3,SEA,SF,Pete Carroll,Chip Kelly,outdoors,37,18,19,home
2016_03_WAS_NYG,2016,REG,3,NYG,WAS,Ben McAdoo,Jay Gruden,outdoors,27,29,-2,away
2016_04_BUF_NE,2016,REG,4,NE,BUF,Bill Belichick,Rex Ryan,outdoors,0,16,-16,away
2016_04_CAR_ATL,2016,REG,4,ATL,CAR,Dan Quinn,Ron Rivera,dome,48,33,15,home
2016_04_CLE_WAS,2016,REG,4,WAS,CLE,Jay Gruden,Hue Jackson,outdoors,31,20,11,home
2016_04_DAL_SF,2016,REG,4,SF,DAL,Chip Kelly,Jason Garrett,outdoors,17,24,-7,away
2016_04_DEN_TB,2016,REG,4,TB,DEN,Dirk Koetter,Gary Kubiak,outdoors,7,27,-20,away
2016_04_DET_CHI,2016,REG,4,CHI,DET,John Fox,Jim Caldwell,outdoors,17,14,3,home
2016_04_IND_JAX,2016,REG,4,JAX,IND,Gus Bradley,Chuck Pagano,outdoors,30,27,3,home
2016_04_KC_PIT,2016,REG,4,PIT,KC,Mike Tomlin,Andy Reid,outdoors,43,14,29,home
2016_04_LA_ARI,2016,REG,4,ARI,LA,Bruce Arians,Jeff Fisher,closed,13,17,-4,away
2016_04_MIA_CIN,2016,REG,4,CIN,MIA,Marvin Lewis,Adam Gase,outdoors,22,7,15,home
2016_04_NO_SD,2016,REG,4,LAC,NO,Mike McCoy,Sean Payton,outdoors,34,35,-1,away
2016_04_NYG_MIN,2016,REG,4,MIN,NYG,Mike Zimmer,Ben McAdoo,dome,24,10,14,home
2016_04_OAK_BAL,2016,REG,4,BAL,LV,John Harbaugh,Jack Del Rio,outdoors,27,28,-1,away
2016_04_SEA_NYJ,2016,REG,4,NYJ,SEA,Todd Bowles,Pete Carroll,outdoors,17,27,-10,away
2016_04_TEN_HOU,2016,REG,4,HOU,TEN,Bill O'Brien,Mike Mularkey,closed,27,20,7,home
2016_05_ARI_SF,2016,REG,5,SF,ARI,Chip Kelly,Bruce Arians,outdoors,21,33,-12,away
2016_05_ATL_DEN,2016,REG,5,DEN,ATL,Gary Kubiak,Dan Quinn,outdoors,16,23,-7,away
2016_05_BUF_LA,2016,REG,5,LA,BUF,Jeff Fisher,Rex Ryan,outdoors,19,30,-11,away
2016_05_CHI_IND,2016,REG,5,IND,CHI,Chuck Pagano,John Fox,open,29,23,6,home
2016_05_CIN_DAL,2016,REG,5,DAL,CIN,Jason Garrett,Marvin Lewis,closed,28,14,14,home
2016_05_HOU_MIN,2016,REG,5,MIN,HOU,Mike Zimmer,Bill O'Brien,dome,31,13,18,home
2016_05_NE_CLE,2016,REG,5,CLE,NE,Hue Jackson,Bill Belichick,outdoors,13,33,-20,away
2016_05_NYG_GB,2016,REG,5,GB,NYG,Mike McCarthy,Ben McAdoo,outdoors,23,16,7,home
2016_05_NYJ_PIT,2016,REG,5,PIT,NYJ,Mike Tomlin,Todd Bowles,outdoors,31,13,18,home
2016_05_PHI_DET,2016,REG,5,DET,PHI,Jim Caldwell,Doug Pederson,dome,24,23,1,home
2016_05_SD_OAK,2016,REG,5,LV,LAC,Jack Del Rio,Mike McCoy,outdoors,34,31,3,home
2016_05_TB_CAR,2016,REG,5,CAR,TB,Ron Rivera,Dirk Koetter,outdoors,14,17,-3,away
2016_05_TEN_MIA,2016,REG,5,MIA,TEN,Adam Gase,Mike Mularkey,outdoors,17,30,-13,away
2016_05_WAS_BAL,2016,REG,5,BAL,WAS,John Harbaugh,Jay Gruden,outdoors,10,16,-6,away
2016_06_ATL_SEA,2016,REG,6,SEA,ATL,Pete Carroll,Dan Quinn,outdoors,26,24,2,home
2016_06_BAL_NYG,2016,REG,6,NYG,BAL,Ben McAdoo,John Harbaugh,outdoors,27,23,4,home
2016_06_CAR_NO,2016,REG,6,NO,CAR,Sean Payton,Ron Rivera,dome,41,38,3,home
2016_06_CIN_NE,2016,REG,6,NE,CIN,Bill Belichick,Marvin Lewis,outdoors,35,17,18,home
2016_06_CLE_TEN,2016,REG,6,TEN,CLE,Mike Mularkey,Hue Jackson,outdoors,28,26,2,home
2016_06_DAL_GB,2016,REG,6,GB,DAL,Mike McCarthy,Jason Garrett,outdoors,16,30,-14,away
2016_06_DEN_SD,2016,REG,6,LAC,DEN,Mike McCoy,Gary Kubiak,outdoors,21,13,8,home
2016_06_IND_HOU,2016,REG,6,HOU,IND,Bill O'Brien,Chuck Pagano,closed,26,23,3,home
2016_06_JAX_CHI,2016,REG,6,CHI,JAX,John Fox,Gus Bradley,outdoors,16,17,-1,away
2016_06_KC_OAK,2016,REG,6,LV,KC,Jack Del Rio,Andy Reid,outdoors,10,26,-16,away
2016_06_LA_DET,2016,REG,6,DET,LA,Jim Caldwell,Jeff Fisher,dome,31,28,3,home
2016_06_NYJ_ARI,2016,REG,6,ARI,NYJ,Bruce Arians,Todd Bowles,closed,28,3,25,home
2016_06_PHI_WAS,2016,REG,6,WAS,PHI,Jay Gruden,Doug Pederson,outdoors,27,20,7,home
2016_06_PIT_MIA,2016,REG,6,MIA,PIT,Adam Gase,Mike Tomlin,outdoors,30,15,15,home
2016_06_SF_BUF,2016,REG,6,BUF,SF,Rex Ryan,Chip Kelly,outdoors,45,16,29,home
2016_07_BAL_NYJ,2016,REG,7,NYJ,BAL,Todd Bowles,John Harbaugh,outdoors,24,16,8,home
2016_07_BUF_MIA,2016,REG,7,MIA,BUF,Adam Gase,Rex Ryan,outdoors,28,25,3,home
2016_07_CHI_GB,2016,REG,7,GB,CHI,Mike McCarthy,John Fox,outdoors,26,10,16,home
2016_07_CLE_CIN,2016,REG,7,CIN,CLE,Marvin Lewis,Hue Jackson,outdoors,31,17,14,home
2016_07_HOU_DEN,2016,REG,7,DEN,HOU,Gary Kubiak,Bill O'Brien,outdoors,27,9,18,home
2016_07_IND_TEN,2016,REG,7,TEN,IND,Mike Mularkey,Chuck Pagano,outdoors,26,34,-8,away
2016_07_MIN_PHI,2016,REG,7,PHI,MIN,Doug Pederson,Mike Zimmer,outdoors,21,10,11,home
2016_07_NE_PIT,2016,REG,7,PIT,NE,Mike Tomlin,Bill Belichick,outdoors,16,27,-11,away
2016_07_NO_KC,2016,REG,7,KC,NO,Andy Reid,Sean Payton,outdoors,27,21,6,home
2016_07_NYG_LA,2016,REG,7,LA,NYG,Jeff Fisher,Ben McAdoo,outdoors,10,17,-7,away
2016_07_OAK_JAX,2016,REG,7,JAX,LV,Gus Bradley,Jack Del Rio,outdoors,16,33,-17,away
2016_07_SD_ATL,2016,REG,7,ATL,LAC,Dan Quinn,Mike McCoy,dome,30,33,-3,away
2016_07_SEA_ARI,2016,REG,7,ARI,SEA,Bruce Arians,Pete Carroll,closed,6,6,0,tie
2016_07_TB_SF,2016,REG,7,SF,TB,Chip Kelly,Dirk Koetter,outdoors,17,34,-17,away
2016_07_WAS_DET,2016,REG,7,DET,WAS,Jim Caldwell,Jay Gruden,dome,20,17,3,home
2016_08_ARI_CAR,2016,REG,8,CAR,ARI,Ron Rivera,Bruce Arians,outdoors,30,20,10,home
2016_08_DET_HOU,2016,REG,8,HOU,DET,Bill O'Brien,Jim Caldwell,closed,20,13,7,home
2016_08_GB_ATL,2016,REG,8,ATL,GB,Dan Quinn,Mike McCarthy,dome,33,32,1,home
2016_08_JAX_TEN,2016,REG,8,TEN,JAX,Mike Mularkey,Gus Bradley,outdoors,36,22,14,home
2016_08_KC_IND,2016,REG,8,IND,KC,Chuck Pagano,Andy Reid,closed,14,30,-16,away
2016_08_MIN_CHI,2016,REG,8,CHI,MIN,John Fox,Mike Zimmer,outdoors,20,10,10,home
2016_08_NE_BUF,2016,REG,8,BUF,NE,Rex Ryan,Bill Belichick,outdoors,25,41,-16,away
2016_08_NYJ_CLE,2016,REG,8,CLE,NYJ,Hue Jackson,Todd Bowles,outdoors,28,31,-3,away
2016_08_OAK_TB,2016,REG,8,TB,LV,Dirk Koetter,Jack Del Rio,outdoors,24,30,-6,away
2016_08_PHI_DAL,2016,REG,8,DAL,PHI,Jason Garrett,Doug Pederson,closed,29,23,6,home
2016_08_SD_DEN,2016,REG,8,DEN,LAC,Gary Kubiak,Mike McCoy,outdoors,27,19,8,home
2016_08_SEA_NO,2016,REG,8,NO,SEA,Sean Payton,Pete Carroll,dome,25,20,5,home
2016_08_WAS_CIN,2016,REG,8,CIN,WAS,Marvin Lewis,Jay Gruden,outdoors,27,27,0,tie
2016_09_ATL_TB,2016,REG,9,TB,ATL,Dirk Koetter,Dan Quinn,outdoors,28,43,-15,away
2016_09_BUF_SEA,2016,REG,9,SEA,BUF,Pete Carroll,Rex Ryan,outdoors,31,25,6,home
2016_09_CAR_LA,2016,REG,9,LA,CAR,Jeff Fisher,Ron Rivera,outdoors,10,13,-3,away
2016_09_DAL_CLE,2016,REG,9,CLE,DAL,Hue Jackson,Jason Garrett,outdoors,10,35,-25,away
2016_09_DEN_OAK,2016,REG,9,LV,DEN,Jack Del Rio,Gary Kubiak,outdoors,30,20,10,home
2016_09_DET_MIN,2016,REG,9,MIN,DET,Mike Zimmer,Jim Caldwell,dome,16,22,-6,away
2016_09_IND_GB,2016,REG,9,GB,IND,Mike McCarthy,Chuck Pagano,outdoors,26,31,-5,away
2016_09_JAX_KC,2016,REG,9,KC,JAX,Andy Reid,Gus Bradley,outdoors,19,14,5,home
2016_09_NO_SF,2016,REG,9,SF,NO,Chip Kelly,Sean Payton,outdoors,23,41,-18,away
2016_09_NYJ_MIA,2016,REG,9,MIA,NYJ,Adam Gase,Todd Bowles,outdoors,27,23,4,home
2016_09_PHI_NYG,2016,REG,9,NYG,PHI,Ben McAdoo,Doug Pederson,outdoors,28,23,5,home
2016_09_PIT_BAL,2016,REG,9,BAL,PIT,John Harbaugh,Mike Tomlin,outdoors,21,14,7,home
2016_09_TEN_SD,2016,REG,9,LAC,TEN,Mike McCoy,Mike Mularkey,outdoors,43,35,8,home
2016_10_ATL_PHI,2016,REG,10,PHI,ATL,Doug Pederson,Dan Quinn,outdoors,24,15,9,home
2016_10_CHI_TB,2016,REG,10,TB,CHI,Dirk Koetter,John Fox,outdoors,36,10,26,home
2016_10_CIN_NYG,2016,REG,10,NYG,CIN,Ben McAdoo,Marvin Lewis,outdoors,21,20,1,home
2016_10_CLE_BAL,2016,REG,10,BAL,CLE,John Harbaugh,Hue Jackson,outdoors,28,7,21,home
2016_10_DAL_PIT,2016,REG,10,PIT,DAL,Mike Tomlin,Jason Garrett,outdoors,30,35,-5,away
2016_10_DEN_NO,2016,REG,10,NO,DEN,Sean Payton,Gary Kubiak,dome,23,25,-2,away
2016_10_GB_TEN,2016,REG,10,TEN,GB,Mike Mularkey,Mike McCarthy,outdoors,47,25,22,home
2016_10_HOU_JAX,2016,REG,10,JAX,HOU,Gus Bradley,Bill O'Brien,outdoors,21,24,-3,away
2016_10_KC_CAR,2016,REG,10,CAR,KC,Ron Rivera,Andy Reid,outdoors,17,20,-3,away
2016_10_LA_NYJ,2016,REG,10,NYJ,LA,Todd Bowles,Jeff Fisher,outdoors,6,9,-3,away
2016_10_MIA_SD,2016,REG,10,LAC,MIA,Mike McCoy,Adam Gase,outdoors,24,31,-7,away
2016_10_MIN_WAS,2016,REG,10,WAS,MIN,Jay Gruden,Mike Zimmer,outdoors,26,20,6,home
2016_10_SEA_NE,2016,REG,10,NE,SEA,Bill Belichick,Pete Carroll,outdoors,24,31,-7,away
2016_10_SF_ARI,2016,REG,10,ARI,SF,Bruce Arians,Chip Kelly,closed,23,20,3,home
2016_11_ARI_MIN,2016,REG,11,MIN,ARI,Mike Zimmer,Bruce Arians,dome,30,24,6,home
2016_11_BAL_DAL,2016,REG,11,DAL,BAL,Jason Garrett,John Harbaugh,closed,27,17,10,home
2016_11_BUF_CIN,2016,REG,11,CIN,BUF,Marvin Lewis,Rex Ryan,outdoors,12,16,-4,away
2016_11_CHI_NYG,2016,REG,11,NYG,CHI,Ben McAdoo,John Fox,outdoors,22,16,6,home
2016_11_GB_WAS,2016,REG,11,WAS,GB,Jay Gruden,Mike McCarthy,outdoors,42,24,18,home
2016_11_HOU_OAK,2016,REG,11,LV,HOU,Jack Del Rio,Bill O'Brien,outdoors,27,20,7,home
2016_11_JAX_DET,2016,REG,11,DET,JAX,Jim Caldwell,Gus Bradley,dome,26,19,7,home
2016_11_MIA_LA,2016,REG,11,LA,MIA,Jeff Fisher,Adam Gase,outdoors,10,14,-4,away
2016_11_NE_SF,2016,REG,11,SF,NE,Chip Kelly,Bill Belichick,outdoors,17,30,-13,away
2016_11_NO_CAR,2016,REG,11,CAR,NO,Ron Rivera,Sean Payton,outdoors,23,20,3,home
2016_11_PHI_SEA,2016,REG,11,SEA,PHI,Pete Carroll,Doug Pederson,outdoors,26,15,11,home
2016_11_PIT_CLE,2016,REG,11,CLE,PIT,Hue Jackson,Mike Tomlin,outdoors,9,24,-15,away
2016_11_TB_KC,2016,REG,11,KC,TB,Andy Reid,Dirk Koetter,outdoors,17,19,-2,away
2016_11_TEN_IND,2016,REG,11,IND,TEN,Chuck Pagano,Mike Mularkey,closed,24,17,7,home
2016_12_ARI_ATL,2016,REG,12,ATL,ARI,Dan Quinn,Bruce Arians,dome,38,19,19,home
2016_12_CAR_OAK,2016,REG,12,LV,CAR,Jack Del Rio,Ron Rivera,outdoors,35,32,3,home
2016_12_CIN_BAL,2016,REG,12,BAL,CIN,John Harbaugh,Marvin Lewis,outdoors,19,14,5,home
2016_12_GB_PHI,2016,REG,12,PHI,GB,Doug Pederson,Mike McCarthy,outdoors,13,27,-14,away
2016_12_JAX_BUF,2016,REG,12,BUF,JAX,Rex Ryan,Gus Bradley,outdoors,28,21,7,home
2016_12_KC_DEN,2016,REG,12,DEN,KC,Gary Kubiak,Andy Reid,outdoors,27,30,-3,away
2016_12_LA_NO,2016,REG,12,NO,LA,Sean Payton,Jeff Fisher,dome,49,21,28,home
2016_12_MIN_DET,2016,REG,12,DET,MIN,Jim Caldwell,Mike Zimmer,dome,16,13,3,home
2016_12_NE_NYJ,2016,REG,12,NYJ,NE,Todd Bowles,Bill Belichick,outdoors,17,22,-5,away
2016_12_NYG_CLE,2016,REG,12,CLE,NYG,Hue Jackson,Ben McAdoo,outdoors,13,27,-14,away
2016_12_PIT_IND,2016,REG,12,IND,PIT,Chuck Pagano,Mike Tomlin,closed,7,28,-21,away
2016_12_SD_HOU,2016,REG,12,HOU,LAC,Bill O'Brien,Mike McCoy,closed,13,21,-8,away
2016_12_SEA_TB,2016,REG,12,TB,SEA,Dirk Koetter,Pete Carroll,outdoors,14,5,9,home
2016_12_SF_MIA,2016,REG,12,MIA,SF,Adam Gase,Chip Kelly,outdoors,31,24,7,home
2016_12_TEN_CHI,2016,REG,12,CHI,TEN,John Fox,Mike Mularkey,outdoors,21,27,-6,away
2016_12_WAS_DAL,2016,REG,12,DAL,WAS,Jason Garrett,Jay Gruden,closed,31,26,5,home
2016_13_BUF_OAK,2016,REG,13,LV,BUF,Jack Del Rio,Rex Ryan,outdoors,38,24,14,home
2016_13_CAR_SEA,2016,REG,13,SEA,CAR,Pete Carroll,Ron Rivera,outdoors,40,7,33,home
2016_13_DAL_MIN,2016,REG,13,MIN,DAL,Mike Zimmer,Jason Garrett,dome,15,17,-2,away
2016_13_DEN_JAX,2016,REG,13,JAX,DEN,Gus Bradley,Gary Kubiak,outdoors,10,20,-10,away
2016_13_DET_NO,2016,REG,13,NO,DET,Sean Payton,Jim Caldwell,dome,13,28,-15,away
2016_13_HOU_GB,2016,REG,13,GB,HOU,Mike McCarthy,Bill O'Brien,outdoors,21,13,8,home
2016_13_IND_NYJ,2016,REG,13,NYJ,IND,Todd Bowles,Chuck Pagano,outdoors,10,41,-31,away
2016_13_KC_ATL,2016,REG,13,ATL,KC,Dan Quinn,Andy Reid,dome,28,29,-1,away
2016_13_LA_NE,2016,REG,13,NE,LA,Bill Belichick,Jeff Fisher,outdoors,26,10,16,home
2016_13_MIA_BAL,2016,REG,13,BAL,MIA,John Harbaugh,Adam Gase,outdoors,38,6,32,home
2016_13_NYG_PIT,2016,REG,13,PIT,NYG,Mike Tomlin,Ben McAdoo,outdoors,24,14,10,home
2016_13_PHI_CIN,2016,REG,13,CIN,PHI,Marvin Lewis,Doug Pederson,outdoors,32,14,18,home
2016_13_SF_CHI,2016,REG,13,CHI,SF,John Fox,Chip Kelly,outdoors,26,6,20,home
2016_13_TB_SD,2016,REG,13,LAC,TB,Mike McCoy,Dirk Koetter,outdoors,21,28,-7,away
2016_13_WAS_ARI,2016,REG,13,ARI,WAS,Bruce Arians,Jay Gruden,closed,31,23,8,home
2016_14_ARI_MIA,2016,REG,14,MIA,ARI,Adam Gase,Bruce Arians,outdoors,26,23,3,home
2016_14_ATL_LA,2016,REG,14,LA,ATL,Jeff Fisher,Dan Quinn,outdoors,14,42,-28,away
2016_14_BAL_NE,2016,REG,14,NE,BAL,Bill Belichick,John Harbaugh,outdoors,30,23,7,home
2016_14_CHI_DET,2016,REG,14,DET,CHI,Jim Caldwell,John Fox,dome,20,17,3,home
2016_14_CIN_CLE,2016,REG,14,CLE,CIN,Hue Jackson,Marvin Lewis,outdoors,10,23,-13,away
2016_14_DAL_NYG,2016,REG,14,NYG,DAL,Ben McAdoo,Jason Garrett,outdoors,10,7,3,home
2016_14_DEN_TEN,2016,REG,14,TEN,DEN,Mike Mularkey,Gary Kubiak,outdoors,13,10,3,home
2016_14_HOU_IND,2016,REG,14,IND,HOU,Chuck Pagano,Bill O'Brien,closed,17,22,-5,away
2016_14_MIN_JAX,2016,REG,14,JAX,MIN,Gus Bradley,Mike Zimmer,outdoors,16,25,-9,away
2016_14_NO_TB,2016,REG,14,TB,NO,Dirk Koetter,Sean Payton,outdoors,16,11,5,home
2016_14_NYJ_SF,2016,REG,14,SF,NYJ,Chip Kelly,Todd Bowles,outdoors,17,23,-6,away
2016_14_OAK_KC,2016,REG,14,KC,LV,Andy Reid,Jack Del Rio,outdoors,21,13,8,home
2016_14_PIT_BUF,2016,REG,14,BUF,PIT,Rex Ryan,Mike Tomlin,outdoors,20,27,-7,away
2016_14_SD_CAR,2016,REG,14,CAR,LAC,Ron Rivera,Mike McCoy,outdoors,28,16,12,home
2016_14_SEA_GB,2016,REG,14,GB,SEA,Mike McCarthy,Pete Carroll,outdoors,38,10,28,home
2016_14_WAS_PHI,2016,REG,14,PHI,WAS,Doug Pederson,Jay Gruden,outdoors,22,27,-5,away
2016_15_CAR_WAS,2016,REG,15,WAS,CAR,Jay Gruden,Ron Rivera,outdoors,15,26,-11,away
2016_15_CLE_BUF,2016,REG,15,BUF,CLE,Rex Ryan,Hue Jackson,outdoors,33,13,20,home
2016_15_DET_NYG,2016,REG,15,NYG,DET,Ben McAdoo,Jim Caldwell,outdoors,17,6,11,home
2016_15_GB_CHI,2016,REG,15,CHI,GB,John Fox,Mike McCarthy,outdoors,27,30,-3,away
2016_15_IND_MIN,2016,REG,15,MIN,IND,Mike Zimmer,Chuck Pagano,dome,6,34,-28,away
2016_15_JAX_HOU,2016,REG,15,HOU,JAX,Bill O'Brien,Gus Bradley,closed,21,20,1,home
2016_15_LA_SEA,2016,REG,15,SEA,LA,Pete Carroll,Jeff Fisher,outdoors,24,3,21,home
2016_15_MIA_NYJ,2016,REG,15,NYJ,MIA,Todd Bowles,Adam Gase,outdoors,13,34,-21,away
2016_15_NE_DEN,2016,REG,15,DEN,NE,Gary Kubiak,Bill Belichick,outdoors,3,16,-13,away
2016_15_NO_ARI,2016,REG,15,ARI,NO,Bruce Arians,Sean Payton,closed,41,48,-7,away
2016_15_OAK_SD,2016,REG,15,LAC,LV,Mike McCoy,Jack Del Rio,outdoors,16,19,-3,away
2016_15_PHI_BAL,2016,REG,15,BAL,PHI,John Harbaugh,Doug Pederson,outdoors,27,26,1,home
2016_15_PIT_CIN,2016,REG,15,CIN,PIT,Marvin Lewis,Mike Tomlin,outdoors,20,24,-4,away
2016_15_SF_ATL,2016,REG,15,ATL,SF,Dan Quinn,Chip Kelly,dome,41,13,28,home
2016_15_TB_DAL,2016,REG,15,DAL,TB,Jason Garrett,Dirk Koetter,closed,26,20,6,home
2016_15_TEN_KC,2016,REG,15,KC,TEN,Andy Reid,Mike Mularkey,outdoors,17,19,-2,away
2016_16_ARI_SEA,2016,REG,16,SEA,ARI,Pete Carroll,Bruce Arians,outdoors,31,34,-3,away
2016_16_ATL_CAR,2016,REG,16,CAR,ATL,Ron Rivera,Dan Quinn,outdoors,16,33,-17,away
2016_16_BAL_PIT,2016,REG,16,PIT,BAL,Mike Tomlin,John Harbaugh,outdoors,31,27,4,home
2016_16_CIN_HOU,2016,REG,16,HOU,CIN,Bill O'Brien,Marvin Lewis,closed,12,10,2,home
2016_16_DEN_KC,2016,REG,16,KC,DEN,Andy Reid,Gary Kubiak,outdoors,33,10,23,home
2016_16_DET_DAL,2016,REG,16,DAL,DET,Jason Garrett,Jim Caldwell,closed,42,21,21,home
2016_16_IND_OAK,2016,REG,16,LV,IND,Jack Del Rio,Chuck Pagano,outdoors,33,25,8,home
2016_16_MIA_BUF,2016,REG,16,BUF,MIA,Rex Ryan,Adam Gase,outdoors,31,34,-3,away
2016_16_MIN_GB,2016,REG,16,GB,MIN,Mike McCarthy,Mike Zimmer,outdoors,38,25,13,home
2016_16_NYG_PHI,2016,REG,16,PHI,NYG,Doug Pederson,Ben McAdoo,outdoors,24,19,5,home
2016_16_NYJ_NE,2016,REG,16,NE,NYJ,Bill Belichick,Todd Bowles,outdoors,41,3,38,home
2016_16_SD_CLE,2016,REG,16,CLE,LAC,Hue Jackson,Mike McCoy,outdoors,20,17,3,home
2016_16_SF_LA,2016,REG,16,LA,SF,Jeff Fisher,Chip Kelly,outdoors,21,22,-1,away
2016_16_TB_NO,2016,REG,16,NO,TB,Sean Payton,Dirk Koetter,dome,31,24,7,home
2016_16_TEN_JAX,2016,REG,16,JAX,TEN,Doug Marrone,Mike Mularkey,outdoors,38,17,21,home
2016_16_WAS_CHI,2016,REG,16,CHI,WAS,John Fox,Jay Gruden,outdoors,21,41,-20,away
2016_17_ARI_LA,2016,REG,17,LA,ARI,Jeff Fisher,Bruce Arians,outdoors,6,44,-38,away
2016_17_BAL_CIN,2016,REG,17,CIN,BAL,Marvin Lewis,John Harbaugh,outdoors,27,10,17,home
2016_17_BUF_NYJ,2016,REG,17,NYJ,BUF,Todd Bowles,Anthony Lynn,outdoors,30,10,20,home
2016_17_CAR_TB,2016,REG,17,TB,CAR,Dirk Koetter,Ron Rivera,outdoors,17,16,1,home
2016_17_CHI_MIN,2016,REG,17,MIN,CHI,Mike Zimmer,John Fox,dome,38,10,28,home
2016_17_CLE_PIT,2016,REG,17,PIT,CLE,Mike Tomlin,Hue Jackson,outdoors,27,24,3,home
2016_17_DAL_PHI,2016,REG,17,PHI,DAL,Doug Pederson,Jason Garrett,outdoors,27,13,14,home
2016_17_GB_DET,2016,REG,17,DET,GB,Jim Caldwell,Mike McCarthy,dome,24,31,-7,away
2016_17_HOU_TEN,2016,REG,17,TEN,HOU,Mike Mularkey,Bill O'Brien,outdoors,24,17,7,home
2016_17_JAX_IND,2016,REG,17,IND,JAX,Chuck Pagano,Doug Marrone,closed,24,20,4,home
2016_17_KC_SD,2016,REG,17,LAC,KC,Mike McCoy,Andy Reid,outdoors,27,37,-10,away
2016_17_NE_MIA,2016,REG,17,MIA,NE,Adam Gase,Bill Belichick,outdoors,14,35,-21,away
2016_17_NO_ATL,2016,REG,17,ATL,NO,Dan Quinn,Sean Payton,dome,38,32,6,home
2016_17_NYG_WAS,2016,REG,17,WAS,NYG,Jay Gruden,Ben McAdoo,outdoors,10,19,-9,away
2016_17_OAK_DEN,2016,REG,17,DEN,LV,Gary Kubiak,Jack Del Rio,outdoors,24,6,18,home
2016_17_SEA_SF,2016,REG,17,SF,SEA,Chip Kelly,Pete Carroll,outdoors,23,25,-2,away
2016_18_DET_SEA,2016,POST,18,SEA,DET,Pete Carroll,Jim Caldwell,outdoors,26,6,20,home
2016_18_MIA_PIT,2016,POST,18,PIT,MIA,Mike Tomlin,Adam Gase,outdoors,30,12,18,home
2016_18_NYG_GB,2016,POST,18,GB,NYG,Mike McCarthy,Ben McAdoo,outdoors,38,13,25,home
2016_18_OAK_HOU,2016,POST,18,HOU,LV,Bill O'Brien,Jack Del Rio,closed,27,14,13,home
2016_19_GB_DAL,2016,POST,19,DAL,GB,Jason Garrett,Mike McCarthy,closed,31,34,-3,away
2016_19_HOU_NE,2016,POST,19,NE,HOU,Bill Belichick,Bill O'Brien,outdoors,34,16,18,home
2016_19_PIT_KC,2016,POST,19,KC,PIT,Andy Reid,Mike Tomlin,outdoors,16,18,-2,away
2016_19_SEA_ATL,2016,POST,19,ATL,SEA,Dan Quinn,Pete Carroll,dome,36,20,16,home
2016_20_GB_ATL,2016,POST,20,ATL,GB,Dan Quinn,Mike McCarthy,dome,44,21,23,home
2016_20_PIT_NE,2016,POST,20,NE,PIT,Bill Belichick,Mike Tomlin,outdoors,36,17,19,home
2016_21_NE_ATL,2016,POST,21,ATL,NE,Dan Quinn,Bill Belichick,closed,28,34,-6,away
2017_01_ARI_DET,2017,REG,1,DET,ARI,Jim Caldwell,Bruce Arians,dome,35,23,12,home
2017_01_ATL_CHI,2017,REG,1,CHI,ATL,John Fox,Dan Quinn,outdoors,17,23,-6,away
2017_01_BAL_CIN,2017,REG,1,CIN,BAL,Marvin Lewis,John Harbaugh,outdoors,0,20,-20,away
2017_01_CAR_SF,2017,REG,1,SF,CAR,Kyle Shanahan,Ron Rivera,outdoors,3,23,-20,away
2017_01_IND_LA,2017,REG,1,LA,IND,Sean McVay,Chuck Pagano,outdoors,46,9,37,home
2017_01_JAX_HOU,2017,REG,1,HOU,JAX,Bill O'Brien,Doug Marrone,open,7,29,-22,away
2017_01_KC_NE,2017,REG,1,NE,KC,Bill Belichick,Andy Reid,outdoors,27,42,-15,away
2017_01_LAC_DEN,2017,REG,1,DEN,LAC,Vance Joseph,Anthony Lynn,outdoors,24,21,3,home
2017_01_NO_MIN,2017,REG,1,MIN,NO,Mike Zimmer,Sean Payton,dome,29,19,10,home
2017_01_NYG_DAL,2017,REG,1,DAL,NYG,Jason Garrett,Ben McAdoo,closed,19,3,16,home
2017_01_NYJ_BUF,2017,REG,1,BUF,NYJ,Sean McDermott,Todd Bowles,outdoors,21,12,9,home
2017_01_OAK_TEN,2017,REG,1,TEN,LV,Mike Mularkey,Jack Del Rio,outdoors,16,26,-10,away
2017_01_PHI_WAS,2017,REG,1,WAS,PHI,Jay Gruden,Doug Pederson,outdoors,17,30,-13,away
2017_01_PIT_CLE,2017,REG,1,CLE,PIT,Hue Jackson,Mike Tomlin,outdoors,18,21,-3,away
2017_01_SEA_GB,2017,REG,1,GB,SEA,Mike McCarthy,Pete Carroll,outdoors,17,9,8,home
2017_02_ARI_IND,2017,REG,2,IND,ARI,Chuck Pagano,Bruce Arians,closed,13,16,-3,away
2017_02_BUF_CAR,2017,REG,2,CAR,BUF,Ron Rivera,Sean McDermott,outdoors,9,3,6,home
2017_02_CHI_TB,2017,REG,2,TB,CHI,Dirk Koetter,John Fox,outdoors,29,7,22,home
2017_02_CLE_BAL,2017,REG,2,BAL,CLE,John Harbaugh,Hue Jackson,outdoors,24,10,14,home
2017_02_DAL_DEN,2017,REG,2,DEN,DAL,Vance Joseph,Jason Garrett,outdoors,42,17,25,home
2017_02_DET_NYG,2017,REG,2,NYG,DET,Ben McAdoo,Jim Caldwell,outdoors,10,24,-14,away
2017_02_GB_ATL,2017,REG,2,ATL,GB,Dan Quinn,Mike McCarthy,open,34,23,11,home
2017_02_HOU_CIN,2017,REG,2,CIN,HOU,Marvin Lewis,Bill O'Brien,outdoors,9,13,-4,away
2017_02_MIA_LAC,2017,REG,2,LAC,MIA,Anthony Lynn,Adam Gase,outdoors,17,19,-2,away
2017_02_MIN_PIT,2017,REG,2,PIT,MIN,Mike Tomlin,Mike Zimmer,outdoors,26,9,17,home
2017_02_NE_NO,2017,REG,2,NO,NE,Sean Payton,Bill Belichick,dome,20,36,-16,away
2017_02_NYJ_OAK,2017,REG,2,LV,NYJ,Jack Del Rio,Todd Bowles,outdoors,45,20,25,home
2017_02_PHI_KC,2017,REG,2,KC,PHI,Andy Reid,Doug Pederson,outdoors,27,20,7,home
2017_02_SF_SEA,2017,REG,2,SEA,SF,Pete Carroll,Kyle Shanahan,outdoors,12,9,3,home
2017_02_TEN_JAX,2017,REG,2,JAX,TEN,Doug Marrone,Mike Mularkey,outdoors,16,37,-21,away
2017_02_WAS_LA,2017,REG,2,LA,WAS,Sean McVay,Jay Gruden,outdoors,20,27,-7,away
2017_03_ATL_DET,2017,REG,3,DET,ATL,Jim Caldwell,Dan Quinn,dome,26,30,-4,away
2017_03_BAL_JAX,2017,REG,3,JAX,BAL,Doug Marrone,John Harbaugh,outdoors,44,7,37,home
2017_03_CIN_GB,2017,REG,3,GB,CIN,Mike McCarthy,Marvin Lewis,outdoors,27,24,3,home
2017_03_CLE_IND,2017,REG,3,IND,CLE,Chuck Pagano,Hue Jackson,closed,31,28,3,home
2017_03_DAL_ARI,2017,REG,3,ARI,DAL,Bruce Arians,Jason Garrett,closed,17,28,-11,away
2017_03_DEN_BUF,2017,REG,3,BUF,DEN,Sean McDermott,Vance Joseph,outdoors,26,16,10,home
2017_03_HOU_NE,2017,REG,3,NE,HOU,Bill Belichick,Bill O'Brien,outdoors,36,33,3,home
2017_03_KC_LAC,2017,REG,3,LAC,KC,Anthony Lynn,Andy Reid,outdoors,10,24,-14,away
2017_03_LA_SF,2017,REG,3,SF,LA,Kyle Shanahan,Sean McVay,outdoors,39,41,-2,away
2017_03_MIA_NYJ,2017,REG,3,NYJ,MIA,Todd Bowles,Adam Gase,outdoors,20,6,14,home
2017_03_NO_CAR,2017,REG,3,CAR,NO,Ron Rivera,Sean Payton,outdoors,13,34,-21,away
2017_03_NYG_PHI,2017,REG,3,PHI,NYG,Doug Pederson,Ben McAdoo,outdoors,27,24,3,home
2017_03_OAK_WAS,2017,REG,3,WAS,LV,Jay Gruden,Jack Del Rio,outdoors,27,10,17,home
2017_03_PIT_CHI,2017,REG,3,CHI,PIT,John Fox,Mike Tomlin,outdoors,23,17,6,home
2017_03_SEA_TEN,2017,REG,3,TEN,SEA,Mike Mularkey,Pete Carroll,outdoors,33,27,6,home
2017_03_TB_MIN,2017,REG,3,MIN,TB,Mike Zimmer,Dirk Koetter,dome,34,17,17,home
2017_04_BUF_ATL,2017,REG,4,ATL,BUF,Dan Quinn,Sean McDermott,closed,17,23,-6,away
2017_04_CAR_NE,2017,REG,4,NE,CAR,Bill Belichick,Ron Rivera,outdoors,30,33,-3,away
2017_04_CHI_GB,2017,REG,4,GB,CHI,Mike McCarthy,John Fox,outdoors,35,14,21,home
2017_04_CIN_CLE,2017,REG,4,CLE,CIN,Hue Jackson,Marvin Lewis,outdoors,7,31,-24,away
2017_04_DET_MIN,2017,REG,4,MIN,DET,Mike Zimmer,Jim Caldwell,dome,7,14,-7,away
2017_04_IND_SEA,2017,REG,4,SEA,IND,Pete Carroll,Chuck Pagano,outdoors,46,18,28,home
2017_04_JAX_NYJ,2017,REG,4,NYJ,JAX,Todd Bowles,Doug Marrone,outdoors,23,20,3,home
2017_04_LA_DAL,2017,REG,4,DAL,LA,Jason Garrett,Sean McVay,closed,30,35,-5,away
2017_04_NO_MIA,2017,REG,4,MIA,NO,Adam Gase,Sean Payton,outdoors,0,20,-20,away
2017_04_NYG_TB,2017,REG,4,TB,NYG,Dirk Koetter,Ben McAdoo,outdoors,25,23,2,home
2017_04_OAK_DEN,2017,REG,4,DEN,LV,Vance Joseph,Jack Del Rio,outdoors,16,10,6,home
2017_04_PHI_LAC,2017,REG,4,LAC,PHI,Anthony Lynn,Doug Pederson,outdoors,24,26,-2,away
2017_04_PIT_BAL,2017,REG,4,BAL,PIT,John Harbaugh,Mike Tomlin,outdoors,9,26,-17,away
2017_04_SF_ARI,2017,REG,4,ARI,SF,Bruce Arians,Kyle Shanahan,closed,18,15,3,home
2017_04_TEN_HOU,2017,REG,4,HOU,TEN,Bill O'Brien,Mike Mularkey,open,57,14,43,home
2017_04_WAS_KC,2017,REG,4,KC,WAS,Andy Reid,Jay Gruden,outdoors,29,20,9,home
2017_05_ARI_PHI,2017,REG,5,PHI,ARI,Doug Pederson,Bruce Arians,outdoors,34,7,27,home
2017_05_BAL_OAK,2017,REG,5,LV,BAL,Jack Del Rio,John Harbaugh,outdoors,17,30,-13,away
2017_05_BUF_CIN,2017,REG,5,CIN,BUF,Marvin Lewis,Sean McDermott,outdoors,20,16,4,home
2017_05_CAR_DET,2017,REG,5,DET,CAR,Jim Caldwell,Ron Rivera,dome,24,27,-3,away
2017_05_GB_DAL,2017,REG,5,DAL,GB,Jason Garrett,Mike McCarthy,closed,31,35,-4,away
2017_05_JAX_PIT,2017,REG,5,PIT,JAX,Mike Tomlin,Doug Marrone,outdoors,9,30,-21,away
2017_05_KC_HOU,2017,REG,5,HOU,KC,Bill O'Brien,Andy Reid,closed,34,42,-8,away
2017_05_LAC_NYG,2017,REG,5,NYG,LAC,Ben McAdoo,Anthony Lynn,outdoors,22,27,-5,away
2017_05_MIN_CHI,2017,REG,5,CHI,MIN,John Fox,Mike Zimmer,outdoors,17,20,-3,away
2017_05_NE_TB,2017,REG,5,TB,NE,Dirk Koetter,Bill Belichick,outdoors,14,19,-5,away
2017_05_NYJ_CLE,2017,REG,5,CLE,NYJ,Hue Jackson,Todd Bowles,outdoors,14,17,-3,away
2017_05_SEA_LA,2017,REG,5,LA,SEA,Sean McVay,Pete Carroll,outdoors,10,16,-6,away
2017_05_SF_IND,2017,REG,5,IND,SF,Chuck Pagano,Kyle Shanahan,closed,26,23,3,home
2017_05_TEN_MIA,2017,REG,5,MIA,TEN,Adam Gase,Mike Mularkey,outdoors,16,10,6,home
2017_06_CHI_BAL,2017,REG,6,BAL,CHI,John Harbaugh,John Fox,outdoors,24,27,-3,away
2017_06_CLE_HOU,2017,REG,6,HOU,CLE,Bill O'Brien,Hue Jackson,closed,33,17,16,home
2017_06_DET_NO,2017,REG,6,NO,DET,Sean Payton,Jim Caldwell,dome,52,38,14,home
2017_06_GB_MIN,2017,REG,6,MIN,GB,Mike Zimmer,Mike McCarthy,dome,23,10,13,home
2017_06_IND_TEN,2017,REG,6,TEN,IND,Mike Mularkey,Chuck Pagano,outdoors,36,22,14,home
2017_06_LAC_OAK,2017,REG,6,LV,LAC,Jack Del Rio,Anthony Lynn,outdoors,16,17,-1,away
2017_06_LA_JAX,2017,REG,6,JAX,LA,Doug Marrone,Sean McVay,outdoors,17,27,-10,away
2017_06_MIA_ATL,2017,REG,6,ATL,MIA,Dan Quinn,Adam Gase,closed,17,20,-3,away
2017_06_NE_NYJ,2017,REG,6,NYJ,NE,Todd Bowles,Bill Belichick,outdoors,17,24,-7,away
2017_06_NYG_DEN,2017,REG,6,DEN,NYG,Vance Joseph,Ben McAdoo,outdoors,10,23,-13,away
2017_06_PHI_CAR,2017,REG,6,CAR,PHI,Ron Rivera,Doug Pederson,outdoors,23,28,-5,away
2017_06_PIT_KC,2017,REG,6,KC,PIT,Andy Reid,Mike Tomlin,outdoors,13,19,-6,away
2017_06_SF_WAS,2017,REG,6,WAS,SF,Jay Gruden,Kyle Shanahan,outdoors,26,24,2,home
2017_06_TB_ARI,2017,REG,6,ARI,TB,Bruce Arians,Dirk Koetter,closed,38,33,5,home
2017_07_ARI_LA,2017,REG,7,LA,ARI,Sean McVay,Bruce Arians,outdoors,33,0,33,home
2017_07_ATL_NE,2017,REG,7,NE,ATL,Bill Belichick,Dan Quinn,outdoors,23,7,16,home
2017_07_BAL_MIN,2017,REG,7,MIN,BAL,Mike Zimmer,John Harbaugh,dome,24,16,8,home
2017_07_CAR_CHI,2017,REG,7,CHI,CAR,John Fox,Ron Rivera,outdoors,17,3,14,home
2017_07_CIN_PIT,2017,REG,7,PIT,CIN,Mike Tomlin,Marvin Lewis,outdoors,29,14,15,home
2017_07_DAL_SF,2017,REG,7,SF,DAL,Kyle Shanahan,Jason Garrett,outdoors,10,40,-30,away
2017_07_DEN_LAC,2017,REG,7,LAC,DEN,Anthony Lynn,Vance Joseph,outdoors,21,0,21,home
2017_07_JAX_IND,2017,REG,7,IND,JAX,Chuck Pagano,Doug Marrone,closed,0,27,-27,away
2017_07_KC_OAK,2017,REG,7,LV,KC,Jack Del Rio,Andy Reid,outdoors,31,30,1,home
2017_07_NO_GB,2017,REG,7,GB,NO,Mike McCarthy,Sean Payton,outdoors,17,26,-9,away
2017_07_NYJ_MIA,2017,REG,7,MIA,NYJ,Adam Gase,Todd Bowles,outdoors,31,28,3,home
2017_07_SEA_NYG,2017,REG,7,NYG,SEA,Ben McAdoo,Pete Carroll,outdoors,7,24,-17,away
2017_07_TB_BUF,2017,REG,7,BUF,TB,Sean McDermott,Dirk Koetter,outdoors,30,27,3,home
2017_07_TEN_CLE,2017,REG,7,CLE,TEN,Hue Jackson,Mike Mularkey,outdoors,9,12,-3,away
2017_07_WAS_PHI,2017,REG,7,PHI,WAS,Doug Pederson,Jay Gruden,outdoors,34,24,10,home
2017_08_ATL_NYJ,2017,REG,8,NYJ,ATL,Todd Bowles,Dan Quinn,outdoors,20,25,-5,away
2017_08_CAR_TB,2017,REG,8,TB,CAR,Dirk Koetter,Ron Rivera,outdoors,3,17,-14,away
2017_08_CHI_NO,2017,REG,8,NO,CHI,Sean Payton,John Fox,dome,20,12,8,home
2017_08_DAL_WAS,2017,REG,8,WAS,DAL,Jay Gruden,Jason Garrett,outdoors,19,33,-14,away
2017_08_DEN_KC,2017,REG,8,KC,DEN,Andy Reid,Vance Joseph,outdoors,29,19,10,home
2017_08_HOU_SEA,2017,REG,8,SEA,HOU,Pete Carroll,Bill O'Brien,outdoors,41,38,3,home
2017_08_IND_CIN,2017,REG,8,CIN,IND,Marvin Lewis,Chuck Pagano,outdoors,24,23,1,home
2017_08_LAC_NE,2017,REG,8,NE,LAC,Bill Belichick,Anthony Lynn,outdoors,21,13,8,home
2017_08_MIA_BAL,2017,REG,8,BAL,MIA,John Harbaugh,Adam Gase,outdoors,40,0,40,home
2017_08_MIN_CLE,2017,REG,8,CLE,MIN,Hue Jackson,Mike Zimmer,outdoors,16,33,-17,away
2017_08_OAK_BUF,2017,REG,8,BUF,LV,Sean McDermott,Jack Del Rio,outdoors,34,14,20,home
2017_08_PIT_DET,2017,REG,8,DET,PIT,Jim Caldwell,Mike Tomlin,dome,15,20,-5,away
2017_08_SF_PHI,2017,REG,8,PHI,SF,Doug Pederson,Kyle Shanahan,outdoors,33,10,23,home
2017_09_ARI_SF,2017,REG,9,SF,ARI,Kyle Shanahan,Bruce Arians,outdoors,10,20,-10,away
2017_09_ATL_CAR,2017,REG,9,CAR,ATL,Ron Rivera,Dan Quinn,outdoors,20,17,3,home
2017_09_BAL_TEN,2017,REG,9,TEN,BAL,Mike Mularkey,John Harbaugh,outdoors,23,20,3,home
2017_09_BUF_NYJ,2017,REG,9,NYJ,BUF,Todd Bowles,Sean McDermott,outdoors,34,21,13,home
2017_09_CIN_JAX,2017,REG,9,JAX,CIN,Doug Marrone,Marvin Lewis,outdoors,23,7,16,home
2017_09_DEN_PHI,2017,REG,9,PHI,DEN,Doug Pederson,Vance Joseph,outdoors,51,23,28,home
2017_09_DET_GB,2017,REG,9,GB,DET,Mike McCarthy,Jim Caldwell,outdoors,17,30,-13,away
2017_09_IND_HOU,2017,REG,9,HOU,IND,Bill O'Brien,Chuck Pagano,closed,14,20,-6,away
2017_09_KC_DAL,2017,REG,9,DAL,KC,Jason Garrett,Andy Reid,closed,28,17,11,home
2017_09_LA_NYG,2017,REG,9,NYG,LA,Ben McAdoo,Sean McVay,outdoors,17,51,-34,away
2017_09_OAK_MIA,2017,REG,9,MIA,LV,Adam Gase,Jack Del Rio,outdoors,24,27,-3,away
2017_09_TB_NO,2017,REG,9,NO,TB,Sean Payton,Dirk Koetter,dome,30,10,20,home
2017_09_WAS_SEA,2017,REG,9,SEA,WAS,Pete Carroll,Jay Gruden,outdoors,14,17,-3,away
2017_10_CIN_TEN,2017,REG,10,TEN,CIN,Mike Mularkey,Marvin Lewis,outdoors,24,20,4,home
2017_10_CLE_DET,2017,REG,10,DET,CLE,Jim Caldwell,Hue Jackson,dome,38,24,14,home
2017_10_DAL_ATL,2017,REG,10,ATL,DAL,Dan Quinn,Jason Garrett,closed,27,7,20,home
2017_10_GB_CHI,2017,REG,10,CHI,GB,John Fox,Mike McCarthy,outdoors,16,23,-7,away
2017_10_HOU_LA,2017,REG,10,LA,HOU,Sean McVay,Bill O'Brien,outdoors,33,7,26,home
2017_10_LAC_JAX,2017,REG,10,JAX,LAC,Doug Marrone,Anthony Lynn,outdoors,20,17,3,home
2017_10_MIA_CAR,2017,REG,10,CAR,MIA,Ron Rivera,Adam Gase,outdoors,45,21,24,home
2017_10_MIN_WAS,2017,REG,10,WAS,MIN,Jay Gruden,Mike Zimmer,outdoors,30,38,-8,away
2017_10_NE_DEN,2017,REG,10,DEN,NE,Vance Joseph,Bill Belichick,outdoors,16,41,-25,away
2017_10_NO_BUF,2017,REG,10,BUF,NO,Sean McDermott,Sean Payton,outdoors,10,47,-37,away
2017_10_NYG_SF,2017,REG,10,SF,NYG,Kyle Shanahan,Ben McAdoo,outdoors,31,21,10,home
2017_10_NYJ_TB,2017,REG,10,TB,NYJ,Dirk Koetter,Todd Bowles,outdoors,15,10,5,home
2017_10_PIT_IND,2017,REG,10,IND,PIT,Chuck Pagano,Mike Tomlin,closed,17,20,-3,away
2017_10_SEA_ARI,2017,REG,10,ARI,SEA,Bruce Arians,Pete Carroll,open,16,22,-6,away
2017_11_ARI_HOU,2017,REG,11,HOU,ARI,Bill O'Brien,Bruce Arians,closed,31,21,10,home
2017_11_ATL_SEA,2017,REG,11,SEA,ATL,Pete Carroll,Dan Quinn,outdoors,31,34,-3,away
2017_11_BAL_GB,2017,REG,11,GB,BAL,Mike McCarthy,John Harbaugh,outdoors,0,23,-23,away
2017_11_BUF_LAC,2017,REG,11,LAC,BUF,Anthony Lynn,Sean McDermott,outdoors,54,24,30,home
2017_11_CIN_DEN,2017,REG,11,DEN,CIN,Vance Joseph,Marvin Lewis,outdoors,17,20,-3,away
2017_11_DET_CHI,2017,REG,11,CHI,DET,John Fox,Jim Caldwell,outdoors,24,27,-3,away
2017_11_JAX_CLE,2017,REG,11,CLE,JAX,Hue Jackson,Doug Marrone,outdoors,7,19,-12,away
2017_11_KC_NYG,2017,REG,11,NYG,KC,Ben McAdoo,Andy Reid,outdoors,12,9,3,home
2017_11_LA_MIN,2017,REG,11,MIN,LA,Mike Zimmer,Sean McVay,dome,24,7,17,home
2017_11_NE_OAK,2017,REG,11,LV,NE,Jack Del Rio,Bill Belichick,outdoors,8,33,-25,away
2017_11_PHI_DAL,2017,REG,11,DAL,PHI,Jason Garrett,Doug Pederson,closed,9,37,-28,away
2017_11_TB_MIA,2017,REG,11,MIA,TB,Adam Gase,Dirk Koetter,outdoors,20,30,-10,away
2017_11_TEN_PIT,2017,REG,11,PIT,TEN,Mike Tomlin,Mike Mularkey,outdoors,40,17,23,home
2017_11_WAS_NO,2017,REG,11,NO,WAS,Sean Payton,Jay Gruden,dome,34,31,3,home
2017_12_BUF_KC,2017,REG,12,KC,BUF,Andy Reid,Sean McDermott,outdoors,10,16,-6,away
2017_12_CAR_NYJ,2017,REG,12,NYJ,CAR,Todd Bowles,Ron Rivera,outdoors,27,35,-8,away
2017_12_CHI_PHI,2017,REG,12,PHI,CHI,Doug Pederson,John Fox,outdoors,31,3,28,home
2017_12_CLE_CIN,2017,REG,12,CIN,CLE,Marvin Lewis,Hue Jackson,outdoors,30,16,14,home
2017_12_DEN_OAK,2017,REG,12,LV,DEN,Jack Del Rio,Vance Joseph,outdoors,21,14,7,home
2017_12_GB_PIT,2017,REG,12,PIT,GB,Mike Tomlin,Mike McCarthy,outdoors,31,28,3,home
2017_12_HOU_BAL,2017,REG,12,BAL,HOU,John Harbaugh,Bill O'Brien,outdoors,23,16,7,home
2017_12_JAX_ARI,2017,REG,12,ARI,JAX,Bruce Arians,Doug Marrone,closed,27,24,3,home
2017_12_LAC_DAL,2017,REG,12,DAL,LAC,Jason Garrett,Anthony Lynn,closed,6,28,-22,away
2017_12_MIA_NE,2017,REG,12,NE,MIA,Bill Belichick,Adam Gase,outdoors,35,17,18,home
2017_12_MIN_DET,2017,REG,12,DET,MIN,Jim Caldwell,Mike Zimmer,dome,23,30,-7,away
2017_12_NO_LA,2017,REG,12,LA,NO,Sean McVay,Sean Payton,outdoors,26,20,6,home
2017_12_NYG_WAS,2017,REG,12,WAS,NYG,Jay Gruden,Ben McAdoo,outdoors,20,10,10,home
2017_12_SEA_SF,2017,REG,12,SF,SEA,Kyle Shanahan,Pete Carroll,outdoors,13,24,-11,away
2017_12_TB_ATL,2017,REG,12,ATL,TB,Dan Quinn,Dirk Koetter,closed,34,20,14,home
2017_12_TEN_IND,2017,REG,12,IND,TEN,Chuck Pagano,Mike Mularkey,open,16,20,-4,away
2017_13_CAR_NO,2017,REG,13,NO,CAR,Sean Payton,Ron Rivera,dome,31,21,10,home
2017_13_CLE_LAC,2017,REG,13,LAC,CLE,Anthony Lynn,Hue Jackson,outdoors,19,10,9,home
2017_13_DEN_MIA,2017,REG,13,MIA,DEN,Adam Gase,Vance Joseph,outdoors,35,9,26,home
2017_13_DET_BAL,2017,REG,13,BAL,DET,John Harbaugh,Jim Caldwell,outdoors,44,20,24,home
2017_13_HOU_TEN,2017,REG,13,TEN,HOU,Mike Mularkey,Bill O'Brien,outdoors,24,13,11,home
2017_13_IND_JAX,2017,REG,13,JAX,IND,Doug Marrone,Chuck Pagano,outdoors,30,10,20,home
2017_13_KC_NYJ,2017,REG,13,NYJ,KC,Todd Bowles,Andy Reid,outdoors,38,31,7,home
2017_13_LA_ARI,2017,REG,13,ARI,LA,Bruce Arians,Sean McVay,closed,16,32,-16,away
2017_13_MIN_ATL,2017,REG,13,ATL,MIN,Dan Quinn,Mike Zimmer,closed,9,14,-5,away
2017_13_NE_BUF,2017,REG,13,BUF,NE,Sean McDermott,Bill Belichick,outdoors,3,23,-20,away
2017_13_NYG_OAK,2017,REG,13,LV,NYG,Jack Del Rio,Ben McAdoo,outdoors,24,17,7,home
2017_13_PHI_SEA,2017,REG,13,SEA,PHI,Pete Carroll,Doug Pederson,outdoors,24,10,14,home
2017_13_PIT_CIN,2017,REG,13,CIN,PIT,Marvin Lewis,Mike Tomlin,outdoors,20,23,-3,away
2017_13_SF_CHI,2017,REG,13,CHI,SF,John Fox,Kyle Shanahan,outdoors,14,15,-1,away
2017_13_TB_GB,2017,REG,13,GB,TB,Mike McCarthy,Dirk Koetter,outdoors,26,20,6,home
2017_13_WAS_DAL,2017,REG,13,DAL,WAS,Jason Garrett,Jay Gruden,closed,38,14,24,home
2017_14_BAL_PIT,2017,REG,14,PIT,BAL,Mike Tomlin,John Harbaugh,outdoors,39,38,1,home
2017_14_CHI_CIN,2017,REG,14,CIN,CHI,Marvin Lewis,John Fox,outdoors,7,33,-26,away
2017_14_DAL_NYG,2017,REG,14,NYG,DAL,Steve Spagnuolo,Jason Garrett,outdoors,10,30,-20,away
2017_14_DET_TB,2017,REG,14,TB,DET,Dirk Koetter,Jim Caldwell,outdoors,21,24,-3,away
2017_14_GB_CLE,2017,REG,14,CLE,GB,Hue Jackson,Mike McCarthy,outdoors,21,27,-6,away
2017_14_IND_BUF,2017,REG,14,BUF,IND,Sean McDermott,Chuck Pagano,outdoors,13,7,6,home
2017_14_MIN_CAR,2017,REG,14,CAR,MIN,Ron Rivera,Mike Zimmer,outdoors,31,24,7,home
2017_14_NE_MIA,2017,REG,14,MIA,NE,Adam Gase,Bill Belichick,outdoors,27,20,7,home
2017_14_NO_ATL,2017,REG,14,ATL,NO,Dan Quinn,Sean Payton,closed,20,17,3,home
2017_14_NYJ_DEN,2017,REG,14,DEN,NYJ,Vance Joseph,Todd Bowles,outdoors,23,0,23,home
2017_14_OAK_KC,2017,REG,14,KC,LV,Andy Reid,Jack Del Rio,outdoors,26,15,11,home
2017_14_PHI_LA,2017,REG,14,LA,PHI,Sean McVay,Doug Pederson,outdoors,35,43,-8,away
2017_14_SEA_JAX,2017,REG,14,JAX,SEA,Doug Marrone,Pete Carroll,outdoors,30,24,6,home
2017_14_SF_HOU,2017,REG,14,HOU,SF,Bill O'Brien,Kyle Shanahan,closed,16,26,-10,away
2017_14_TEN_ARI,2017,REG,14,ARI,TEN,Bruce Arians,Mike Mularkey,closed,12,7,5,home
2017_14_WAS_LAC,2017,REG,14,LAC,WAS,Anthony Lynn,Jay Gruden,outdoors,30,13,17,home
2017_15_ARI_WAS,2017,REG,15,WAS,ARI,Jay Gruden,Bruce Arians,outdoors,20,15,5,home
2017_15_ATL_TB,2017,REG,15,TB,ATL,Dirk Koetter,Dan Quinn,outdoors,21,24,-3,away
2017_15_BAL_CLE,2017,REG,15,CLE,BAL,Hue Jackson,John Harbaugh,outdoors,10,27,-17,away
2017_15_CHI_DET,2017,REG,15,DET,CHI,Jim Caldwell,John Fox,dome,20,10,10,home
2017_15_CIN_MIN,2017,REG,15,MIN,CIN,Mike Zimmer,Marvin Lewis,dome,34,7,27,home
2017_15_DAL_OAK,2017,REG,15,LV,DAL,Jack Del Rio,Jason Garrett,outdoors,17,20,-3,away
2017_15_DEN_IND,2017,REG,15,IND,DEN,Chuck Pagano,Vance Joseph,closed,13,25,-12,away
2017_15_GB_CAR,2017,REG,15,CAR,GB,Ron Rivera,Mike McCarthy,outdoors,31,24,7,home
2017_15_HOU_JAX,2017,REG,15,JAX,HOU,Doug Marrone,Bill O'Brien,outdoors,45,7,38,home
2017_15_LAC_KC,2017,REG,15,KC,LAC,Andy Reid,Anthony Lynn,outdoors,30,13,17,home
2017_15_LA_SEA,2017,REG,15,SEA,LA,Pete Carroll,Sean McVay,outdoors,7,42,-35,away
2017_15_MIA_BUF,2017,REG,15,BUF,MIA,Sean McDermott,Adam Gase,outdoors,24,16,8,home
2017_15_NE_PIT,2017,REG,15,PIT,NE,Mike Tomlin,Bill Belichick,outdoors,24,27,-3,away
2017_15_NYJ_NO,2017,REG,15,NO,NYJ,Sean Payton,Todd Bowles,dome,31,19,12,home
2017_15_PHI_NYG,2017,REG,15,NYG,PHI,Steve Spagnuolo,Doug Pederson,outdoors,29,34,-5,away
2017_15_TEN_SF,2017,REG,15,SF,TEN,Kyle Shanahan,Mike Mularkey,outdoors,25,23,2,home
2017_16_ATL_NO,2017,REG,16,NO,ATL,Sean Payton,Dan Quinn,dome,23,13,10,home
2017_16_BUF_NE,2017,REG,16,NE,BUF,Bill Belichick,Sean McDermott,outdoors,37,16,21,home
2017_16_CLE_CHI,2017,REG,16,CHI,CLE,John Fox,Hue Jackson,outdoors,20,3,17,home
2017_16_DEN_WAS,2017,REG,16,WAS,DEN,Jay Gruden,Vance Joseph,outdoors,27,11,16,home
2017_16_DET_CIN,2017,REG,16,CIN,DET,Marvin Lewis,Jim Caldwell,outdoors,26,17,9,home
2017_16_IND_BAL,2017,REG,16,BAL,IND,John Harbaugh,Chuck Pagano,outdoors,23,16,7,home
2017_16_JAX_SF,2017,REG,16,SF,JAX,Kyle Shanahan,Doug Marrone,outdoors,44,33,11,home
2017_16_LAC_NYJ,2017,REG,16,NYJ,LAC,Todd Bowles,Anthony Lynn,outdoors,7,14,-7,away
2017_16_LA_TEN,2017,REG,16,TEN,LA,Mike Mularkey,Sean McVay,outdoors,23,27,-4,away
2017_16_MIA_KC,2017,REG,16,KC,MIA,Andy Reid,Adam Gase,outdoors,29,13,16,home
2017_16_MIN_GB,2017,REG,16,GB,MIN,Mike McCarthy,Mike Zimmer,outdoors,0,16,-16,away
2017_16_NYG_ARI,2017,REG,16,ARI,NYG,Bruce Arians,Steve Spagnuolo,closed,23,0,23,home
2017_16_OAK_PHI,2017,REG,16,PHI,LV,Doug Pederson,Jack Del Rio,outdoors,19,10,9,home
2017_16_PIT_HOU,2017,REG,16,HOU,PIT,Bill O'Brien,Mike Tomlin,closed,6,34,-28,away
2017_16_SEA_DAL,2017,REG,16,DAL,SEA,Jason Garrett,Pete Carroll,closed,12,21,-9,away
2017_16_TB_CAR,2017,REG,16,CAR,TB,Ron Rivera,Dirk Koetter,outdoors,22,19,3,home
2017_17_ARI_SEA,2017,REG,17,SEA,ARI,Pete Carroll,Bruce Arians,outdoors,24,26,-2,away
2017_17_BUF_MIA,2017,REG,17,MIA,BUF,Adam Gase,Sean McDermott,outdoors,16,22,-6,away
2017_17_CAR_ATL,2017,REG,17,ATL,CAR,Dan Quinn,Ron Rivera,closed,22,10,12,home
2017_17_CHI_MIN,2017,REG,17,MIN,CHI,Mike Zimmer,John Fox,dome,23,10,13,home
2017_17_CIN_BAL,2017,REG,17,BAL,CIN,John Harbaugh,Marvin Lewis,outdoors,27,31,-4,away
2017_17_CLE_PIT,2017,REG,17,PIT,CLE,Mike Tomlin,Hue Jackson,outdoors,28,24,4,home
2017_17_DAL_PHI,2017,REG,17,PHI,DAL,Doug Pederson,Jason Garrett,outdoors,0,6,-6,away
2017_17_GB_DET,2017,REG,17,DET,GB,Jim Caldwell,Mike McCarthy,dome,35,11,24,home
2017_17_HOU_IND,2017,REG,17,IND,HOU,Chuck Pagano,Bill O'Brien,closed,22,13,9,home
2017_17_JAX_TEN,2017,REG,17,TEN,JAX,Mike Mularkey,Doug Marrone,outdoors,15,10,5,home
2017_17_KC_DEN,2017,REG,17,DEN,KC,Vance Joseph,Andy Reid,outdoors,24,27,-3,away
2017_17_NO_TB,2017,REG,17,TB,NO,Dirk Koetter,Sean Payton,outdoors,31,24,7,home
2017_17_NYJ_NE,2017,REG,17,NE,NYJ,Bill Belichick,Todd Bowles,outdoors,26,6,20,home
2017_17_OAK_LAC,2017,REG,17,LAC,LV,Anthony Lynn,Jack Del Rio,outdoors,30,10,20,home
2017_17_SF_LA,2017,REG,17,LA,SF,Sean McVay,Kyle Shanahan,outdoors,13,34,-21,away
2017_17_WAS_NYG,2017,REG,17,NYG,WAS,Steve Spagnuolo,Jay Gruden,outdoors,18,10,8,home
2017_18_ATL_LA,2017,POST,18,LA,ATL,Sean McVay,Dan Quinn,outdoors,13,26,-13,away
2017_18_BUF_JAX,2017,POST,18,JAX,BUF,Doug Marrone,Sean McDermott,outdoors,10,3,7,home
2017_18_CAR_NO,2017,POST,18,NO,CAR,Sean Payton,Ron Rivera,dome,31,26,5,home
2017_18_TEN_KC,2017,POST,18,KC,TEN,Andy Reid,Mike Mularkey,outdoors,21,22,-1,away
2017_19_ATL_PHI,2017,POST,19,PHI,ATL,Doug Pederson,Dan Quinn,outdoors,15,10,5,home
2017_19_JAX_PIT,2017,POST,19,PIT,JAX,Mike Tomlin,Doug Marrone,outdoors,42,45,-3,away
2017_19_NO_MIN,2017,POST,19,MIN,NO,Mike Zimmer,Sean Payton,dome,29,24,5,home
2017_19_TEN_NE,2017,POST,19,NE,TEN,Bill Belichick,Mike Mularkey,outdoors,35,14,21,home
2017_20_JAX_NE,2017,POST,20,NE,JAX,Bill Belichick,Doug Marrone,outdoors,24,20,4,home
2017_20_MIN_PHI,2017,POST,20,PHI,MIN,Doug Pederson,Mike Zimmer,outdoors,38,7,31,home
2017_21_PHI_NE,2017,POST,21,NE,PHI,Bill Belichick,Doug Pederson,dome,33,41,-8,away
2018_01_ATL_PHI,2018,REG,1,PHI,ATL,Doug Pederson,Dan Quinn,outdoors,18,12,6,home
2018_01_BUF_BAL,2018,REG,1,BAL,BUF,John Harbaugh,Sean McDermott,outdoors,47,3,44,home
2018_01_CHI_GB,2018,REG,1,GB,CHI,Mike McCarthy,Matt Nagy,outdoors,24,23,1,home
2018_01_CIN_IND,2018,REG,1,IND,CIN,Frank Reich,Marvin Lewis,closed,23,34,-11,away
2018_01_DAL_CAR,2018,REG,1,CAR,DAL,Ron Rivera,Jason Garrett,outdoors,16,8,8,home
2018_01_HOU_NE,2018,REG,1,NE,HOU,Bill Belichick,Bill O'Brien,outdoors,27,20,7,home
2018_01_JAX_NYG,2018,REG,1,NYG,JAX,Pat Shurmur,Doug Marrone,outdoors,15,20,-5,away
2018_01_KC_LAC,2018,REG,1,LAC,KC,Anthony Lynn,Andy Reid,outdoors,28,38,-10,away
2018_01_LA_OAK,2018,REG,1,LV,LA,Jon Gruden,Sean McVay,outdoors,13,33,-20,away
2018_01_NYJ_DET,2018,REG,1,DET,NYJ,Matt Patricia,Todd Bowles,dome,17,48,-31,away
2018_01_PIT_CLE,2018,REG,1,CLE,PIT,Hue Jackson,Mike Tomlin,outdoors,21,21,0,tie
2018_01_SEA_DEN,2018,REG,1,DEN,SEA,Vance Joseph,Pete Carroll,outdoors,27,24,3,home
2018_01_SF_MIN,2018,REG,1,MIN,SF,Mike Zimmer,Kyle Shanahan,dome,24,16,8,home
2018_01_TB_NO,2018,REG,1,NO,TB,Sean Payton,Dirk Koetter,dome,40,48,-8,away
2018_01_TEN_MIA,2018,REG,1,MIA,TEN,Adam Gase,Mike Vrabel,outdoors,27,20,7,home
2018_01_WAS_ARI,2018,REG,1,ARI,WAS,Steve Wilks,Jay Gruden,closed,6,24,-18,away
2018_02_ARI_LA,2018,REG,2,LA,ARI,Sean McVay,Steve Wilks,outdoors,34,0,34,home
2018_02_BAL_CIN,2018,REG,2,CIN,BAL,Marvin Lewis,John Harbaugh,outdoors,34,23,11,home
2018_02_CAR_ATL,2018,REG,2,ATL,CAR,Dan Quinn,Ron Rivera,closed,31,24,7,home
2018_02_CLE_NO,2018,REG,2,NO,CLE,Sean Payton,Hue Jackson,dome,21,18,3,home
2018_02_DET_SF,2018,REG,2,SF,DET,Kyle Shanahan,Matt Patricia,outdoors,30,27,3,home
2018_02_HOU_TEN,2018,REG,2,TEN,HOU,Mike Vrabel,Bill O'Brien,outdoors,20,17,3,home
2018_02_IND_WAS,2018,REG,2,WAS,IND,Jay Gruden,Frank Reich,outdoors,9,21,-12,away
2018_02_KC_PIT,2018,REG,2,PIT,KC,Mike Tomlin,Andy Reid,outdoors,37,42,-5,away
2018_02_LAC_BUF,2018,REG,2,BUF,LAC,Sean McDermott,Anthony Lynn,outdoors,20,31,-11,away
2018_02_MIA_NYJ,2018,REG,2,NYJ,MIA,Todd Bowles,Adam Gase,outdoors,12,20,-8,away
2018_02_MIN_GB,2018,REG,2,GB,MIN,Mike McCarthy,Mike Zimmer,outdoors,29,29,0,tie
2018_02_NE_JAX,2018,REG,2,JAX,NE,Doug Marrone,Bill Belichick,outdoors,31,20,11,home
2018_02_NYG_DAL,2018,REG,2,DAL,NYG,Jason Garrett,Pat Shurmur,closed,20,13,7,home
2018_02_OAK_DEN,2018,REG,2,DEN,LV,Vance Joseph,Jon Gruden,outdoors,20,19,1,home
2018_02_PHI_TB,2018,REG,2,TB,PHI,Dirk Koetter,Doug Pederson,outdoors,27,21,6,home
2018_02_SEA_CHI,2018,REG,2,CHI,SEA,Matt Nagy,Pete Carroll,outdoors,24,17,7,home
2018_03_BUF_MIN,2018,REG,3,MIN,BUF,Mike Zimmer,Sean McDermott,dome,6,27,-21,away
2018_03_CHI_ARI,2018,REG,3,ARI,CHI,Steve Wilks,Matt Nagy,closed,14,16,-2,away
2018_03_CIN_CAR,2018,REG,3,CAR,CIN,Ron Rivera,Marvin Lewis,outdoors,31,21,10,home
2018_03_DAL_SEA,2018,REG,3,SEA,DAL,Pete Carroll,Jason Garrett,outdoors,24,13,11,home
2018_03_DEN_BAL,2018,REG,3,BAL,DEN,John Harbaugh,Vance Joseph,outdoors,27,14,13,home
2018_03_GB_WAS,2018,REG,3,WAS,GB,Jay Gruden,Mike McCarthy,outdoors,31,17,14,home
2018_03_IND_PHI,2018,REG,3,PHI,IND,Doug Pederson,Frank Reich,outdoors,20,16,4,home
2018_03_LAC_LA,2018,REG,3,LA,LAC,Sean McVay,Anthony Lynn,outdoors,35,23,12,home
2018_03_NE_DET,2018,REG,3,DET,NE,Matt Patricia,Bill Belichick,dome,26,10,16,home
2018_03_NO_ATL,2018,REG,3,ATL,NO,Dan Quinn,Sean Payton,closed,37,43,-6,away
2018_03_NYG_HOU,2018,REG,3,HOU,NYG,Bill O'Brien,Pat Shurmur,closed,22,27,-5,away
2018_03_NYJ_CLE,2018,REG,3,CLE,NYJ,Hue Jackson,Todd Bowles,outdoors,21,17,4,home
2018_03_OAK_MIA,2018,REG,3,MIA,LV,Adam Gase,Jon Gruden,outdoors,28,20,8,home
2018_03_PIT_TB,2018,REG,3,TB,PIT,Dirk Koetter,Mike Tomlin,outdoors,27,30,-3,away
2018_03_SF_KC,2018,REG,3,KC,SF,Andy Reid,Kyle Shanahan,outdoors,38,27,11,home
2018_03_TEN_JAX,2018,REG,3,JAX,TEN,Doug Marrone,Mike Vrabel,outdoors,6,9,-3,away
2018_04_BAL_PIT,2018,REG,4,PIT,BAL,Mike Tomlin,John Harbaugh,outdoors,14,26,-12,away
2018_04_BUF_GB,2018,REG,4,GB,BUF,Mike McCarthy,Sean McDermott,outdoors,22,0,22,home
2018_04_CIN_ATL,2018,REG,4,ATL,CIN,Dan Quinn,Marvin Lewis,closed,36,37,-1,away
2018_04_CLE_OAK,2018,REG,4,LV,CLE,Jon Gruden,Hue Jackson,outdoors,45,42,3,home
2018_04_DET_DAL,2018,REG,4,DAL,DET,Jason Garrett,Matt Patricia,closed,26,24,2,home
2018_04_HOU_IND,2018,REG,4,IND,HOU,Frank Reich,Bill O'Brien,closed,34,37,-3,away
2018_04_KC_DEN,2018,REG,4,DEN,KC,Vance Joseph,Andy Reid,outdoors,23,27,-4,away
2018_04_MIA_NE,2018,REG,4,NE,MIA,Bill Belichick,Adam Gase,outdoors,38,7,31,home
2018_04_MIN_LA,2018,REG,4,LA,MIN,Sean McVay,Mike Zimmer,outdoors,38,31,7,home
2018_04_NO_NYG,2018,REG,4,NYG,NO,Pat Shurmur,Sean Payton,outdoors,18,33,-15,away
2018_04_NYJ_JAX,2018,REG,4,JAX,NYJ,Doug Marrone,Todd Bowles,outdoors,31,12,19,home
2018_04_PHI_TEN,2018,REG,4,TEN,PHI,Mike Vrabel,Doug Pederson,outdoors,26,23,3,home
2018_04_SEA_ARI,2018,REG,4,ARI,SEA,Steve Wilks,Pete Carroll,closed,17,20,-3,away
2018_04_SF_LAC,2018,REG,4,LAC,SF,Anthony Lynn,Kyle Shanahan,outdoors,29,27,2,home
2018_04_TB_CHI,2018,REG,4,CHI,TB,Matt Nagy,Dirk Koetter,outdoors,48,10,38,home
2018_05_ARI_SF,2018,REG,5,SF,ARI,Kyle Shanahan,Steve Wilks,outdoors,18,28,-10,away
2018_05_ATL_PIT,2018,REG,5,PIT,ATL,Mike Tomlin,Dan Quinn,outdoors,41,17,24,home
2018_05_BAL_CLE,2018,REG,5,CLE,BAL,Hue Jackson,John Harbaugh,outdoors,12,9,3,home
2018_05_DAL_HOU,2018,REG,5,HOU,DAL,Bill O'Brien,Jason Garrett,closed,19,16,3,home
2018_05_DEN_NYJ,2018,REG,5,NYJ,DEN,Todd Bowles,Vance Joseph,outdoors,34,16,18,home
2018_05_GB_DET,2018,REG,5,DET,GB,Matt Patricia,Mike McCarthy,dome,31,23,8,home
2018_05_IND_NE,2018,REG,5,NE,IND,Bill Belichick,Frank Reich,outdoors,38,24,14,home
2018_05_JAX_KC,2018,REG,5,KC,JAX,Andy Reid,Doug Marrone,outdoors,30,14,16,home
2018_05_LA_SEA,2018,REG,5,SEA,LA,Pete Carroll,Sean McVay,outdoors,31,33,-2,away
2018_05_MIA_CIN,2018,REG,5,CIN,MIA,Marvin Lewis,Adam Gase,outdoors,27,17,10,home
2018_05_MIN_PHI,2018,REG,5,PHI,MIN,Doug Pederson,Mike Zimmer,outdoors,21,23,-2,away
2018_05_NYG_CAR,2018,REG,5,CAR,NYG,Ron Rivera,Pat Shurmur,outdoors,33,31,2,home
2018_05_OAK_LAC,2018,REG,5,LAC,LV,Anthony Lynn,Jon Gruden,outdoors,26,10,16,home
2018_05_TEN_BUF,2018,REG,5,BUF,TEN,Sean McDermott,Mike Vrabel,outdoors,13,12,1,home
2018_05_WAS_NO,2018,REG,5,NO,WAS,Sean Payton,Jay Gruden,dome,43,19,24,home
2018_06_ARI_MIN,2018,REG,6,MIN,ARI,Mike Zimmer,Steve Wilks,dome,27,17,10,home
2018_06_BAL_TEN,2018,REG,6,TEN,BAL,Mike Vrabel,John Harbaugh,outdoors,0,21,-21,away
2018_06_BUF_HOU,2018,REG,6,HOU,BUF,Bill O'Brien,Sean McDermott,closed,20,13,7,home
2018_06_CAR_WAS,2018,REG,6,WAS,CAR,Jay Gruden,Ron Rivera,outdoors,23,17,6,home
2018_06_CHI_MIA,2018,REG,6,MIA,CHI,Adam Gase,Matt Nagy,outdoors,31,28,3,home
2018_06_IND_NYJ,2018,REG,6,NYJ,IND,Todd Bowles,Frank Reich,outdoors,42,34,8,home
2018_06_JAX_DAL,2018,REG,6,DAL,JAX,Jason Garrett,Doug Marrone,closed,40,7,33,home
2018_06_KC_NE,2018,REG,6,NE,KC,Bill Belichick,Andy Reid,outdoors,43,40,3,home
2018_06_LAC_CLE,2018,REG,6,CLE,LAC,Hue Jackson,Anthony Lynn,outdoors,14,38,-24,away
2018_06_LA_DEN,2018,REG,6,DEN,LA,Vance Joseph,Sean McVay,outdoors,20,23,-3,away
2018_06_PHI_NYG,2018,REG,6,NYG,PHI,Pat Shurmur,Doug Pederson,outdoors,13,34,-21,away
2018_06_PIT_CIN,2018,REG,6,CIN,PIT,Marvin Lewis,Mike Tomlin,outdoors,21,28,-7,away
2018_06_SEA_OAK,2018,REG,6,LV,SEA,Jon Gruden,Pete Carroll,outdoors,3,27,-24,away
2018_06_SF_GB,2018,REG,6,GB,SF,Mike McCarthy,Kyle Shanahan,outdoors,33,30,3,home
2018_06_TB_ATL,2018,REG,6,ATL,TB,Dan Quinn,Dirk Koetter,open,34,29,5,home
2018_07_BUF_IND,2018,REG,7,IND,BUF,Frank Reich,Sean McDermott,closed,37,5,32,home
2018_07_CAR_PHI,2018,REG,7,PHI,CAR,Doug Pederson,Ron Rivera,outdoors,17,21,-4,away
2018_07_CIN_KC,2018,REG,7,KC,CIN,Andy Reid,Marvin Lewis,outdoors,45,10,35,home
2018_07_CLE_TB,2018,REG,7,TB,CLE,Dirk Koetter,Hue Jackson,outdoors,26,23,3,home
2018_07_DAL_WAS,2018,REG,7,WAS,DAL,Jay Gruden,Jason Garrett,outdoors,20,17,3,home
2018_07_DEN_ARI,2018,REG,7,ARI,DEN,Steve Wilks,Vance Joseph,closed,10,45,-35,away
2018_07_DET_MIA,2018,REG,7,MIA,DET,Adam Gase,Matt Patricia,outdoors,21,32,-11,away
2018_07_HOU_JAX,2018,REG,7,JAX,HOU,Doug Marrone,Bill O'Brien,outdoors,7,20,-13,away
2018_07_LA_SF,2018,REG,7,SF,LA,Kyle Shanahan,Sean McVay,outdoors,10,39,-29,away
2018_07_MIN_NYJ,2018,REG,7,NYJ,MIN,Todd Bowles,Mike Zimmer,outdoors,17,37,-20,away
2018_07_NE_CHI,2018,REG,7,CHI,NE,Matt Nagy,Bill Belichick,outdoors,31,38,-7,away
2018_07_NO_BAL,2018,REG,7,BAL,NO,John Harbaugh,Sean Payton,outdoors,23,24,-1,away
2018_07_NYG_ATL,2018,REG,7,ATL,NYG,Dan Quinn,Pat Shurmur,open,23,20,3,home
2018_07_TEN_LAC,2018,REG,7,LAC,TEN,Anthony Lynn,Mike Vrabel,outdoors,20,19,1,home
2018_08_BAL_CAR,2018,REG,8,CAR,BAL,Ron Rivera,John Harbaugh,outdoors,36,21,15,home
2018_08_CLE_PIT,2018,REG,8,PIT,CLE,Mike Tomlin,Hue Jackson,outdoors,33,18,15,home
2018_08_DEN_KC,2018,REG,8,KC,DEN,Andy Reid,Vance Joseph,outdoors,30,23,7,home
2018_08_GB_LA,2018,REG,8,LA,GB,Sean McVay,Mike McCarthy,outdoors,29,27,2,home
2018_08_IND_OAK,2018,REG,8,LV,IND,Jon Gruden,Frank Reich,outdoors,28,42,-14,away
2018_08_MIA_HOU,2018,REG,8,HOU,MIA,Bill O'Brien,Adam Gase,closed,42,23,19,home
2018_08_NE_BUF,2018,REG,8,BUF,NE,Sean McDermott,Bill Belichick,outdoors,6,25,-19,away
2018_08_NO_MIN,2018,REG,8,MIN,NO,Mike Zimmer,Sean Payton,dome,20,30,-10,away
2018_08_NYJ_CHI,2018,REG,8,CHI,NYJ,Matt Nagy,Todd Bowles,outdoors,24,10,14,home
2018_08_PHI_JAX,2018,REG,8,JAX,PHI,Doug Marrone,Doug Pederson,outdoors,18,24,-6,away
2018_08_SEA_DET,2018,REG,8,DET,SEA,Matt Patricia,Pete Carroll,dome,14,28,-14,away
2018_08_SF_ARI,2018,REG,8,ARI,SF,Steve Wilks,Kyle Shanahan,closed,18,15,3,home
2018_08_TB_CIN,2018,REG,8,CIN,TB,Marvin Lewis,Dirk Koetter,outdoors,37,34,3,home
2018_08_WAS_NYG,2018,REG,8,NYG,WAS,Pat Shurmur,Jay Gruden,outdoors,13,20,-7,away
2018_09_ATL_WAS,2018,REG,9,WAS,ATL,Jay Gruden,Dan Quinn,outdoors,14,38,-24,away
2018_09_CHI_BUF,2018,REG,9,BUF,CHI,Sean McDermott,Matt Nagy,outdoors,9,41,-32,away
2018_09_DET_MIN,2018,REG,9,MIN,DET,Mike Zimmer,Matt Patricia,dome,24,9,15,home
2018_09_GB_NE,2018,REG,9,NE,GB,Bill Belichick,Mike McCarthy,outdoors,31,17,14,home
2018_09_HOU_DEN,2018,REG,9,DEN,HOU,Vance Joseph,Bill O'Brien,outdoors,17,19,-2,away
2018_09_KC_CLE,2018,REG,9,CLE,KC,Gregg Williams,Andy Reid,outdoors,21,37,-16,away
2018_09_LAC_SEA,2018,REG,9,SEA,LAC,Pete Carroll,Anthony Lynn,outdoors,17,25,-8,away
2018_09_LA_NO,2018,REG,9,NO,LA,Sean Payton,Sean McVay,dome,45,35,10,home
2018_09_NYJ_MIA,2018,REG,9,MIA,NYJ,Adam Gase,Todd Bowles,outdoors,13,6,7,home
2018_09_OAK_SF,2018,REG,9,SF,LV,Kyle Shanahan,Jon Gruden,outdoors,34,3,31,home
2018_09_PIT_BAL,2018,REG,9,BAL,PIT,John Harbaugh,Mike Tomlin,outdoors,16,23,-7,away
2018_09_TB_CAR,2018,REG,9,CAR,TB,Ron Rivera,Dirk Koetter,outdoors,42,28,14,home
2018_09_TEN_DAL,2018,REG,9,DAL,TEN,Jason Garrett,Mike Vrabel,closed,14,28,-14,away
2018_10_ARI_KC,2018,REG,10,KC,ARI,Andy Reid,Steve Wilks,outdoors,26,14,12,home
2018_10_ATL_CLE,2018,REG,10,CLE,ATL,Gregg Williams,Dan Quinn,outdoors,28,16,12,home
2018_10_BUF_NYJ,2018,REG,10,NYJ,BUF,Todd Bowles,Sean McDermott,outdoors,10,41,-31,away
2018_10_CAR_PIT,2018,REG,10,PIT,CAR,Mike Tomlin,Ron Rivera,outdoors,52,21,31,home
2018_10_DAL_PHI,2018,REG,10,PHI,DAL,Doug Pederson,Jason Garrett,outdoors,20,27,-7,away
2018_10_DET_CHI,2018,REG,10,CHI,DET,Matt Nagy,Matt Patricia,outdoors,34,22,12,home
2018_10_JAX_IND,2018,REG,10,IND,JAX,Frank Reich,Doug Marrone,closed,29,26,3,home
2018_10_LAC_OAK,2018,REG,10,LV,LAC,Jon Gruden,Anthony Lynn,outdoors,6,20,-14,away
2018_10_MIA_GB,2018,REG,10,GB,MIA,Mike McCarthy,Adam Gase,outdoors,31,12,19,home
2018_10_NE_TEN,2018,REG,10,TEN,NE,Mike Vrabel,Bill Belichick,outdoors,34,10,24,home
2018_10_NO_CIN,2018,REG,10,CIN,NO,Marvin Lewis,Sean Payton,outdoors,14,51,-37,away
2018_10_NYG_SF,2018,REG,10,SF,NYG,Kyle Shanahan,Pat Shurmur,outdoors,23,27,-4,away
2018_10_SEA_LA,2018,REG,10,LA,SEA,Sean McVay,Pete Carroll,outdoors,36,31,5,home
2018_10_WAS_TB,2018,REG,10,TB,WAS,Dirk Koetter,Jay Gruden,outdoors,3,16,-13,away
2018_11_CAR_DET,2018,REG,11,DET,CAR,Matt Patricia,Ron Rivera,dome,20,19,1,home
2018_11_CIN_BAL,2018,REG,11,BAL,CIN,John Harbaugh,Marvin Lewis,outdoors,24,21,3,home
2018_11_DAL_ATL,2018,REG,11,ATL,DAL,Dan Quinn,Jason Garrett,open,19,22,-3,away
2018_11_DEN_LAC,2018,REG,11,LAC,DEN,Anthony Lynn,Vance Joseph,outdoors,22,23,-1,away
2018_11_GB_SEA,2018,REG,11,SEA,GB,Pete Carroll,Mike McCarthy,outdoors,27,24,3,home
2018_11_HOU_WAS,2018,REG,11,WAS,HOU,Jay Gruden,Bill O'Brien,outdoors,21,23,-2,away
2018_11_KC_LA,2018,REG,11,LA,KC,Sean McVay,Andy Reid,outdoors,54,51,3,home
2018_11_MIN_CHI,2018,REG,11,CHI,MIN,Matt Nagy,Mike Zimmer,outdoors,25,20,5,home
2018_11_OAK_ARI,2018,REG,11,ARI,LV,Steve Wilks,Jon Gruden,closed,21,23,-2,away
2018_11_PHI_NO,2018,REG,11,NO,PHI,Sean Payton,Doug Pederson,dome,48,7,41,home
2018_11_PIT_JAX,2018,REG,11,JAX,PIT,Doug Marrone,Mike Tomlin,outdoors,16,20,-4,away
2018_11_TB_NYG,2018,REG,11,NYG,TB,Pat Shurmur,Dirk Koetter,outdoors,38,35,3,home
2018_11_TEN_IND,2018,REG,11,IND,TEN,Frank Reich,Mike Vrabel,closed,38,10,28,home
2018_12_ARI_LAC,2018,REG,12,LAC,ARI,Anthony Lynn,Steve Wilks,outdoors,45,10,35,home
2018_12_ATL_NO,2018,REG,12,NO,ATL,Sean Payton,Dan Quinn,dome,31,17,14,home
2018_12_CHI_DET,2018,REG,12,DET,CHI,Matt Patricia,Matt Nagy,dome,16,23,-7,away
2018_12_CLE_CIN,2018,REG,12,CIN,CLE,Marvin Lewis,Gregg Williams,outdoors,20,35,-15,away
2018_12_GB_MIN,2018,REG,12,MIN,GB,Mike Zimmer,Mike McCarthy,dome,24,17,7,home
2018_12_JAX_BUF,2018,REG,12,BUF,JAX,Sean McDermott,Doug Marrone,outdoors,24,21,3,home
2018_12_MIA_IND,2018,REG,12,IND,MIA,Frank Reich,Adam Gase,closed,27,24,3,home
2018_12_NE_NYJ,2018,REG,12,NYJ,NE,Todd Bowles,Bill Belichick,outdoors,13,27,-14,away
2018_12_NYG_PHI,2018,REG,12,PHI,NYG,Doug Pederson,Pat Shurmur,outdoors,25,22,3,home
2018_12_OAK_BAL,2018,REG,12,BAL,LV,John Harbaugh,Jon Gruden,outdoors,34,17,17,home
2018_12_PIT_DEN,2018,REG,12,DEN,PIT,Vance Joseph,Mike Tomlin,outdoors,24,17,7,home
2018_12_SEA_CAR,2018,REG,12,CAR,SEA,Ron Rivera,Pete Carroll,outdoors,27,30,-3,away
2018_12_SF_TB,2018,REG,12,TB,SF,Dirk Koetter,Kyle Shanahan,outdoors,27,9,18,home
2018_12_TEN_HOU,2018,REG,12,HOU,TEN,Bill O'Brien,Mike Vrabel,closed,34,17,17,home
2018_12_WAS_DAL,2018,REG,12,DAL,WAS,Jason Garrett,Jay Gruden,closed,31,23,8,home
2018_13_ARI_GB,2018,REG,13,GB,ARI,Mike McCarthy,Steve Wilks,outdoors,17,20,-3,away
2018_13_BAL_ATL,2018,REG,13,ATL,BAL,Dan Quinn,John Harbaugh,open,16,26,-10,away
2018_13_BUF_MIA,2018,REG,13,MIA,BUF,Adam Gase,Sean McDermott,outdoors,21,17,4,home
2018_13_CAR_TB,2018,REG,13,TB,CAR,Dirk Koetter,Ron Rivera,outdoors,24,17,7,home
2018_13_CHI_NYG,2018,REG,13,NYG,CHI,Pat Shurmur,Matt Nagy,outdoors,30,27,3,home
2018_13_CLE_HOU,2018,REG,13,HOU,CLE,Bill O'Brien,Gregg Williams,closed,29,13,16,home
2018_13_DEN_CIN,2018,REG,13,CIN,DEN,Marvin Lewis,Vance Joseph,outdoors,10,24,-14,away
2018_13_IND_JAX,2018,REG,13,JAX,IND,Doug Marrone,Frank Reich,outdoors,6,0,6,home
2018_13_KC_OAK,2018,REG,13,LV,KC,Jon Gruden,Andy Reid,outdoors,33,40,-7,away
2018_13_LAC_PIT,2018,REG,13,PIT,LAC,Mike Tomlin,Anthony Lynn,outdoors,30,33,-3,away
2018_13_LA_DET,2018,REG,13,DET,LA,Matt Patricia,Sean McVay,dome,16,30,-14,away
2018_13_MIN_NE,2018,REG,13,NE,MIN,Bill Belichick,Mike Zimmer,outdoors,24,10,14,home
2018_13_NO_DAL,2018,REG,13,DAL,NO,Jason Garrett,Sean Payton,closed,13,10,3,home
2018_13_NYJ_TEN,2018,REG,13,TEN,NYJ,Mike Vrabel,Todd Bowles,outdoors,26,22,4,home
2018_13_SF_SEA,2018,REG,13,SEA,SF,Pete Carroll,Kyle Shanahan,outdoors,43,16,27,home
2018_13_WAS_PHI,2018,REG,13,PHI,WAS,Doug Pederson,Jay Gruden,outdoors,28,13,15,home
2018_14_ATL_GB,2018,REG,14,GB,ATL,Joe Philbin,Dan Quinn,outdoors,34,20,14,home
2018_14_BAL_KC,2018,REG,14,KC,BAL,Andy Reid,John Harbaugh,outdoors,27,24,3,home
2018_14_CAR_CLE,2018,REG,14,CLE,CAR,Gregg Williams,Ron Rivera,outdoors,26,20,6,home
2018_14_CIN_LAC,2018,REG,14,LAC,CIN,Anthony Lynn,Marvin Lewis,outdoors,26,21,5,home
2018_14_DEN_SF,2018,REG,14,SF,DEN,Kyle Shanahan,Vance Joseph,outdoors,20,14,6,home
2018_14_DET_ARI,2018,REG,14,ARI,DET,Steve Wilks,Matt Patricia,closed,3,17,-14,away
2018_14_IND_HOU,2018,REG,14,HOU,IND,Bill O'Brien,Frank Reich,closed,21,24,-3,away
2018_14_JAX_TEN,2018,REG,14,TEN,JAX,Mike Vrabel,Doug Marrone,outdoors,30,9,21,home
2018_14_LA_CHI,2018,REG,14,CHI,LA,Matt Nagy,Sean McVay,outdoors,15,6,9,home
2018_14_MIN_SEA,2018,REG,14,SEA,MIN,Pete Carroll,Mike Zimmer,outdoors,21,7,14,home
2018_14_NE_MIA,2018,REG,14,MIA,NE,Adam Gase,Bill Belichick,outdoors,34,33,1,home
2018_14_NO_TB,2018,REG,14,TB,NO,Dirk Koetter,Sean Payton,outdoors,14,28,-14,away
2018_14_NYG_WAS,2018,REG,14,WAS,NYG,Jay Gruden,Pat Shurmur,outdoors,16,40,-24,away
2018_14_NYJ_BUF,2018,REG,14,BUF,NYJ,Sean McDermott,Todd Bowles,outdoors,23,27,-4,away
2018_14_PHI_DAL,2018,REG,14,DAL,PHI,Jason Garrett,Doug Pederson,closed,29,23,6,home
2018_14_PIT_OAK,2018,REG,14,LV,PIT,Jon Gruden,Mike Tomlin,outdoors,24,21,3,home
2018_15_ARI_ATL,2018,REG,15,ATL,ARI,Dan Quinn,Steve Wilks,closed,40,14,26,home
2018_15_CLE_DEN,2018,REG,15,DEN,CLE,Vance Joseph,Gregg Williams,outdoors,16,17,-1,away
2018_15_DAL_IND,2018,REG,15,IND,DAL,Frank Reich,Jason Garrett,closed,23,0,23,home
2018_15_DET_BUF,2018,REG,15,BUF,DET,Sean McDermott,Matt Patricia,outdoors,14,13,1,home
2018_15_GB_CHI,2018,REG,15,CHI,GB,Matt Nagy,Joe Philbin,outdoors,24,17,7,home
2018_15_HOU_NYJ,2018,REG,15,NYJ,HOU,Todd Bowles,Bill O'Brien,outdoors,22,29,-7,away
2018_15_LAC_KC,2018,REG,15,KC,LAC,Andy Reid,Anthony Lynn,outdoors,28,29,-1,away
2018_15_MIA_MIN,2018,REG,15,MIN,MIA,Mike Zimmer,Adam Gase,dome,41,17,24,home
2018_15_NE_PIT,2018,REG,15,PIT,NE,Mike Tomlin,Bill Belichick,outdoors,17,10,7,home
2018_15_NO_CAR,2018,REG,15,CAR,NO,Ron Rivera,Sean Payton,outdoors,9,12,-3,away
2018_15_OAK_CIN,2018,REG,15,CIN,LV,Marvin Lewis,Jon Gruden,outdoors,30,16,14,home
2018_15_PHI_LA,2018,REG,15,LA,PHI,Sean McVay,Doug Pederson,outdoors,23,30,-7,away
2018_15_SEA_SF,2018,REG,15,SF,SEA,Kyle Shanahan,Pete Carroll,outdoors,26,23,3,home
2018_15_TB_BAL,2018,REG,15,BAL,TB,John Harbaugh,Dirk Koetter,outdoors,20,12,8,home
2018_15_TEN_NYG,2018,REG,15,NYG,TEN,Pat Shurmur,Mike Vrabel,outdoors,0,17,-17,away
2018_15_WAS_JAX,2018,REG,15,JAX,WAS,Doug Marrone,Jay Gruden,outdoors,13,16,-3,away
2018_16_ATL_CAR,2018,REG,16,CAR,ATL,Ron Rivera,Dan Quinn,outdoors,10,24,-14,away
2018_16_BAL_LAC,2018,REG,16,LAC,BAL,Anthony Lynn,John Harbaugh,outdoors,10,22,-12,away
2018_16_BUF_NE,2018,REG,16,NE,BUF,Bill Belichick,Sean McDermott,outdoors,24,12,12,home
2018_16_CHI_SF,2018,REG,16,SF,CHI,Kyle Shanahan,Matt Nagy,outdoors,9,14,-5,away
2018_16_CIN_CLE,2018,REG,16,CLE,CIN,Gregg Williams,Marvin Lewis,outdoors,26,18,8,home
2018_16_DEN_OAK,2018,REG,16,LV,DEN,Jon Gruden,Vance Joseph,outdoors,27,14,13,home
2018_16_GB_NYJ,2018,REG,16,NYJ,GB,Todd Bowles,Joe Philbin,outdoors,38,44,-6,away
2018_16_HOU_PHI,2018,REG,16,PHI,HOU,Doug Pederson,Bill O'Brien,outdoors,32,30,2,home
2018_16_JAX_MIA,2018,REG,16,MIA,JAX,Adam Gase,Doug Marrone,outdoors,7,17,-10,away
2018_16_KC_SEA,2018,REG,16,SEA,KC,Pete Carroll,Andy Reid,outdoors,38,31,7,home
2018_16_LA_ARI,2018,REG,16,ARI,LA,Steve Wilks,Sean McVay,closed,9,31,-22,away
2018_16_MIN_DET,2018,REG,16,DET,MIN,Matt Patricia,Mike Zimmer,dome,9,27,-18,away
2018_16_NYG_IND,2018,REG,16,IND,NYG,Frank Reich,Pat Shurmur,closed,28,27,1,home
2018_16_PIT_NO,2018,REG,16,NO,PIT,Sean Payton,Mike Tomlin,dome,31,28,3,home
2018_16_TB_DAL,2018,REG,16,DAL,TB,Jason Garrett,Dirk Koetter,closed,27,20,7,home
2018_16_WAS_TEN,2018,REG,16,TEN,WAS,Mike Vrabel,Jay Gruden,outdoors,25,16,9,home
2018_17_ARI_SEA,2018,REG,17,SEA,ARI,Pete Carroll,Steve Wilks,outdoors,27,24,3,home
2018_17_ATL_TB,2018,REG,17,TB,ATL,Dirk Koetter,Dan Quinn,outdoors,32,34,-2,away
2018_17_CAR_NO,2018,REG,17,NO,CAR,Sean Payton,Ron Rivera,dome,14,33,-19,away
2018_17_CHI_MIN,2018,REG,17,MIN,CHI,Mike Zimmer,Matt Nagy,dome,10,24,-14,away
2018_17_CIN_PIT,2018,REG,17,PIT,CIN,Mike Tomlin,Marvin Lewis,outdoors,16,13,3,home
2018_17_CLE_BAL,2018,REG,17,BAL,CLE,John Harbaugh,Gregg Williams,outdoors,26,24,2,home
2018_17_DAL_NYG,2018,REG,17,NYG,DAL,Pat Shurmur,Jason Garrett,outdoors,35,36,-1,away
2018_17_DET_GB,2018,REG,17,GB,DET,Joe Philbin,Matt Patricia,outdoors,0,31,-31,away
2018_17_IND_TEN,2018,REG,17,TEN,IND,Mike Vrabel,Frank Reich,outdoors,17,33,-16,away
2018_17_JAX_HOU,2018,REG,17,HOU,JAX,Bill O'Brien,Doug Marrone,closed,20,3,17,home
2018_17_LAC_DEN,2018,REG,17,DEN,LAC,Vance Joseph,Anthony Lynn,outdoors,9,23,-14,away
2018_17_MIA_BUF,2018,REG,17,BUF,MIA,Sean McDermott,Adam Gase,outdoors,42,17,25,home
2018_17_NYJ_NE,2018,REG,17,NE,NYJ,Bill Belichick,Todd Bowles,outdoors,38,3,35,home
2018_17_OAK_KC,2018,REG,17,KC,LV,Andy Reid,Jon Gruden,outdoors,35,3,32,home
2018_17_PHI_WAS,2018,REG,17,WAS,PHI,Jay Gruden,Doug Pederson,outdoors,0,24,-24,away
2018_17_SF_LA,2018,REG,17,LA,SF,Sean McVay,Kyle Shanahan,outdoors,48,32,16,home
2018_18_IND_HOU,2018,POST,18,HOU,IND,Bill O'Brien,Frank Reich,closed,7,21,-14,away
2018_18_LAC_BAL,2018,POST,18,BAL,LAC,John Harbaugh,Anthony Lynn,outdoors,17,23,-6,away
2018_18_PHI_CHI,2018,POST,18,CHI,PHI,Matt Nagy,Doug Pederson,outdoors,15,16,-1,away
2018_18_SEA_DAL,2018,POST,18,DAL,SEA,Jason Garrett,Pete Carroll,closed,24,22,2,home
2018_19_DAL_LA,2018,POST,19,LA,DAL,Sean McVay,Jason Garrett,outdoors,30,22,8,home
2018_19_IND_KC,2018,POST,19,KC,IND,Andy Reid,Frank Reich,outdoors,31,13,18,home
2018_19_LAC_NE,2018,POST,19,NE,LAC,Bill Belichick,Anthony Lynn,outdoors,41,28,13,home
2018_19_PHI_NO,2018,POST,19,NO,PHI,Sean Payton,Doug Pederson,dome,20,14,6,home
2018_20_LA_NO,2018,POST,20,NO,LA,Sean Payton,Sean McVay,dome,23,26,-3,away
2018_20_NE_KC,2018,POST,20,KC,NE,Andy Reid,Bill Belichick,outdoors,31,37,-6,away
2018_21_NE_LA,2018,POST,21,LA,NE,Sean McVay,Bill Belichick,closed,3,13,-10,away
2019_01_ATL_MIN,2019,REG,1,MIN,ATL,Mike Zimmer,Dan Quinn,dome,28,12,16,home
2019_01_BAL_MIA,2019,REG,1,MIA,BAL,Brian Flores,John Harbaugh,outdoors,10,59,-49,away
2019_01_BUF_NYJ,2019,REG,1,NYJ,BUF,Adam Gase,Sean McDermott,outdoors,16,17,-1,away
2019_01_CIN_SEA,2019,REG,1,SEA,CIN,Pete Carroll,Zac Taylor,outdoors,21,20,1,home
2019_01_DEN_OAK,2019,REG,1,LV,DEN,Jon Gruden,Vic Fangio,outdoors,24,16,8,home
2019_01_DET_ARI,2019,REG,1,ARI,DET,Kliff Kingsbury,Matt Patricia,closed,27,27,0,tie
2019_01_GB_CHI,2019,REG,1,CHI,GB,Matt Nagy,Matt LaFleur,outdoors,3,10,-7,away
2019_01_HOU_NO,2019,REG,1,NO,HOU,Sean Payton,Bill O'Brien,dome,30,28,2,home
2019_01_IND_LAC,2019,REG,1,LAC,IND,Anthony Lynn,Frank Reich,outdoors,30,24,6,home
2019_01_KC_JAX,2019,REG,1,JAX,KC,Doug Marrone,Andy Reid,outdoors,26,40,-14,away
2019_01_LA_CAR,2019,REG,1,CAR,LA,Ron Rivera,Sean McVay,outdoors,27,30,-3,away
2019_01_NYG_DAL,2019,REG,1,DAL,NYG,Jason Garrett,Pat Shurmur,closed,35,17,18,home
2019_01_PIT_NE,2019,REG,1,NE,PIT,Bill Belichick,Mike Tomlin,outdoors,33,3,30,home
2019_01_SF_TB,2019,REG,1,TB,SF,Bruce Arians,Kyle Shanahan,outdoors,17,31,-14,away
2019_01_TEN_CLE,2019,REG,1,CLE,TEN,Freddie Kitchens,Mike Vrabel,outdoors,13,43,-30,away
2019_01_WAS_PHI,2019,REG,1,PHI,WAS,Doug Pederson,Jay Gruden,outdoors,32,27,5,home
2019_02_ARI_BAL,2019,REG,2,BAL,ARI,John Harbaugh,Kliff Kingsbury,outdoors,23,17,6,home
2019_02_BUF_NYG,2019,REG,2,NYG,BUF,Pat Shurmur,Sean McDermott,outdoors,14,28,-14,away
2019_02_CHI_DEN,2019,REG,2,DEN,CHI,Vic Fangio,Matt Nagy,outdoors,14,16,-2,away
2019_02_CLE_NYJ,2019,REG,2,NYJ,CLE,Adam Gase,Freddie Kitchens,outdoors,3,23,-20,away
2019_02_DAL_WAS,2019,REG,2,WAS,DAL,Jay Gruden,Jason Garrett,outdoors,21,31,-10,away
2019_02_IND_TEN,2019,REG,2,TEN,IND,Mike Vrabel,Frank Reich,outdoors,17,19,-2,away
2019_02_JAX_HOU,2019,REG,2,HOU,JAX,Bill O'Brien,Doug Marrone,closed,13,12,1,home
2019_02_KC_OAK,2019,REG,2,LV,KC,Jon Gruden,Andy Reid,outdoors,10,28,-18,away
2019_02_LAC_DET,2019,REG,2,DET,LAC,Matt Patricia,Anthony Lynn,dome,13,10,3,home
2019_02_MIN_GB,2019,REG,2,GB,MIN,Matt LaFleur,Mike Zimmer,outdoors,21,16,5,home
2019_02_NE_MIA,2019,REG,2,MIA,NE,Brian Flores,Bill Belichick,outdoors,0,43,-43,away
2019_02_NO_LA,2019,REG,2,LA,NO,Sean McVay,Sean Payton,outdoors,27,9,18,home
2019_02_PHI_ATL,2019,REG,2,ATL,PHI,Dan Quinn,Doug Pederson,open,24,20,4,home
2019_02_SEA_PIT,2019,REG,2,PIT,SEA,Mike Tomlin,Pete Carroll,outdoors,26,28,-2,away
2019_02_SF_CIN,2019,REG,2,CIN,SF,Zac Taylor,Kyle Shanahan,outdoors,17,41,-24,away
2019_02_TB_CAR,2019,REG,2,CAR,TB,Ron Rivera,Bruce Arians,outdoors,14,20,-6,away
2019_03_ATL_IND,2019,REG,3,IND,ATL,Frank Reich,Dan Quinn,closed,27,24,3,home
2019_03_BAL_KC,2019,REG,3,KC,BAL,Andy Reid,John Harbaugh,outdoors,33,28,5,home
2019_03_CAR_ARI,2019,REG,3,ARI,CAR,Kliff Kingsbury,Ron Rivera,closed,20,38,-18,away
2019_03_CHI_WAS,2019,REG,3,WAS,CHI,Jay Gruden,Matt Nagy,outdoors,15,31,-16,away
2019_03_CIN_BUF,2019,REG,3,BUF,CIN,Sean McDermott,Zac Taylor,outdoors,21,17,4,home
2019_03_DEN_GB,2019,REG,3,GB,DEN,Matt LaFleur,Vic Fangio,outdoors,27,16,11,home
2019_03_DET_PHI,2019,REG,3,PHI,DET,Doug Pederson,Matt Patricia,outdoors,24,27,-3,away
2019_03_HOU_LAC,2019,REG,3,LAC,HOU,Anthony Lynn,Bill O'Brien,outdoors,20,27,-7,away
2019_03_LA_CLE,2019,REG,3,CLE,LA,Freddie Kitchens,Sean McVay,outdoors,13,20,-7,away
2019_03_MIA_DAL,2019,REG,3,DAL,MIA,Jason Garrett,Brian Flores,closed,31,6,25,home
2019_03_NO_SEA,2019,REG,3,SEA,NO,Pete Carroll,Sean Payton,outdoors,27,33,-6,away
2019_03_NYG_TB,2019,REG,3,TB,NYG,Bruce Arians,Pat Shurmur,outdoors,31,32,-1,away
2019_03_NYJ_NE,2019,REG,3,NE,NYJ,Bill Belichick,Adam Gase,outdoors,30,14,16,home
2019_03_OAK_MIN,2019,REG,3,MIN,LV,Mike Zimmer,Jon Gruden,dome,34,14,20,home
2019_03_PIT_SF,2019,REG,3,SF,PIT,Kyle Shanahan,Mike Tomlin,outdoors,24,20,4,home
2019_03_TEN_JAX,2019,REG,3,JAX,TEN,Doug Marrone,Mike Vrabel,outdoors,20,7,13,home
2019_04_CAR_HOU,2019,REG,4,HOU,CAR,Bill O'Brien,Ron Rivera,closed,10,16,-6,away
2019_04_CIN_PIT,2019,REG,4,PIT,CIN,Mike Tomlin,Zac Taylor,outdoors,27,3,24,home
2019_04_CLE_BAL,2019,REG,4,BAL,CLE,John Harbaugh,Freddie Kitchens,outdoors,25,40,-15,away
2019_04_DAL_NO,2019,REG,4,NO,DAL,Sean Payton,Jason Garrett,dome,12,10,2,home
2019_04_JAX_DEN,2019,REG,4,DEN,JAX,Vic Fangio,Doug Marrone,outdoors,24,26,-2,away
2019_04_KC_DET,2019,REG,4,DET,KC,Matt Patricia,Andy Reid,dome,30,34,-4,away
2019_04_LAC_MIA,2019,REG,4,MIA,LAC,Brian Flores,Anthony Lynn,outdoors,10,30,-20,away
2019_04_MIN_CHI,2019,REG,4,CHI,MIN,Matt Nagy,Mike Zimmer,outdoors,16,6,10,home
2019_04_NE_BUF,2019,REG,4,BUF,NE,Sean McDermott,Bill Belichick,outdoors,10,16,-6,away
2019_04_OAK_IND,2019,REG,4,IND,LV,Frank Reich,Jon Gruden,closed,24,31,-7,away
2019_04_PHI_GB,2019,REG,4,GB,PHI,Matt LaFleur,Doug Pederson,outdoors,27,34,-7,away
2019_04_SEA_ARI,2019,REG,4,ARI,SEA,Kliff Kingsbury,Pete Carroll,closed,10,27,-17,away
2019_04_TB_LA,2019,REG,4,LA,TB,Sean McVay,Bruce Arians,outdoors,40,55,-15,away
2019_04_TEN_ATL,2019,REG,4,ATL,TEN,Dan Quinn,Mike Vrabel,closed,10,24,-14,away
2019_04_WAS_NYG,2019,REG,4,NYG,WAS,Pat Shurmur,Jay Gruden,outdoors,24,3,21,home
2019_05_ARI_CIN,2019,REG,5,CIN,ARI,Zac Taylor,Kliff Kingsbury,outdoors,23,26,-3,away
2019_05_ATL_HOU,2019,REG,5,HOU,ATL,Bill O'Brien,Dan Quinn,closed,53,32,21,home
2019_05_BAL_PIT,2019,REG,5,PIT,BAL,Mike Tomlin,John Harbaugh,outdoors,23,26,-3,away
2019_05_BUF_TEN,2019,REG,5,TEN,BUF,Mike Vrabel,Sean McDermott,outdoors,7,14,-7,away
2019_05_CHI_OAK,2019,REG,5,LV,CHI,Jon Gruden,Matt Nagy,outdoors,24,21,3,home
2019_05_CLE_SF,2019,REG,5,SF,CLE,Kyle Shanahan,Freddie Kitchens,outdoors,31,3,28,home
2019_05_DEN_LAC,2019,REG,5,LAC,DEN,Anthony Lynn,Vic Fangio,outdoors,13,20,-7,away
2019_05_GB_DAL,2019,REG,5,DAL,GB,Jason Garrett,Matt LaFleur,closed,24,34,-10,away
2019_05_IND_KC,2019,REG,5,KC,IND,Andy Reid,Frank Reich,outdoors,13,19,-6,away
2019_05_JAX_CAR,2019,REG,5,CAR,JAX,Ron Rivera,Doug Marrone,outdoors,34,27,7,home
2019_05_LA_SEA,2019,REG,5,SEA,LA,Pete Carroll,Sean McVay,outdoors,30,29,1,home
2019_05_MIN_NYG,2019,REG,5,NYG,MIN,Pat Shurmur,Mike Zimmer,outdoors,10,28,-18,away
2019_05_NE_WAS,2019,REG,5,WAS,NE,Jay Gruden,Bill Belichick,outdoors,7,33,-26,away
2019_05_NYJ_PHI,2019,REG,5,PHI,NYJ,Doug Pederson,Adam Gase,outdoors,31,6,25,home
2019_05_TB_NO,2019,REG,5,NO,TB,Sean Payton,Bruce Arians,dome,31,24,7,home
2019_06_ATL_ARI,2019,REG,6,ARI,ATL,Kliff Kingsbury,Dan Quinn,closed,34,33,1,home
2019_06_CAR_TB,2019,REG,6,TB,CAR,Bruce Arians,Ron Rivera,outdoors,26,37,-11,away
2019_06_CIN_BAL,2019,REG,6,BAL,CIN,John Harbaugh,Zac Taylor,outdoors,23,17,6,home
2019_06_DAL_NYJ,2019,REG,6,NYJ,DAL,Adam Gase,Jason Garrett,outdoors,24,22,2,home
2019_06_DET_GB,2019,REG,6,GB,DET,Matt LaFleur,Matt Patricia,outdoors,23,22,1,home
2019_06_HOU_KC,2019,REG,6,KC,HOU,Andy Reid,Bill O'Brien,outdoors,24,31,-7,away
2019_06_NO_JAX,2019,REG,6,JAX,NO,Doug Marrone,Sean Payton,outdoors,6,13,-7,away
2019_06_NYG_NE,2019,REG,6,NE,NYG,Bill Belichick,Pat Shurmur,outdoors,35,14,21,home
2019_06_PHI_MIN,2019,REG,6,MIN,PHI,Mike Zimmer,Doug Pederson,dome,38,20,18,home
2019_06_PIT_LAC,2019,REG,6,LAC,PIT,Anthony Lynn,Mike Tomlin,outdoors,17,24,-7,away
2019_06_SEA_CLE,2019,REG,6,CLE,SEA,Freddie Kitchens,Pete Carroll,outdoors,28,32,-4,away
2019_06_SF_LA,2019,REG,6,LA,SF,Sean McVay,Kyle Shanahan,outdoors,7,20,-13,away
2019_06_TEN_DEN,2019,REG,6,DEN,TEN,Vic Fangio,Mike Vrabel,outdoors,16,0,16,home
2019_06_WAS_MIA,2019,REG,6,MIA,WAS,Brian Flores,Bill Callahan,outdoors,16,17,-1,away
2019_07_ARI_NYG,2019,REG,7,NYG,ARI,Pat Shurmur,Kliff Kingsbury,outdoors,21,27,-6,away
2019_07_BAL_SEA,2019,REG,7,SEA,BAL,Pete Carroll,John Harbaugh,outdoors,16,30,-14,away
2019_07_HOU_IND,2019,REG,7,IND,HOU,Frank Reich,Bill O'Brien,open,30,23,7,home
2019_07_JAX_CIN,2019,REG,7,CIN,JAX,Zac Taylor,Doug Marrone,outdoors,17,27,-10,away
2019_07_KC_DEN,2019,REG,7,DEN,KC,Vic Fangio,Andy Reid,outdoors,6,30,-24,away
2019_07_LAC_TEN,2019,REG,7,TEN,LAC,Mike Vrabel,Anthony Lynn,outdoors,23,20,3,home
2019_07_LA_ATL,2019,REG,7,ATL,LA,Dan Quinn,Sean McVay,open,10,37,-27,away
2019_07_MIA_BUF,2019,REG,7,BUF,MIA,Sean McDermott,Brian Flores,outdoors,31,21,10,home
2019_07_MIN_DET,2019,REG,7,DET,MIN,Matt Patricia,Mike Zimmer,dome,30,42,-12,away
2019_07_NE_NYJ,2019,REG,7,NYJ,NE,Adam Gase,Bill Belichick,outdoors,0,33,-33,away
2019_07_NO_CHI,2019,REG,7,CHI,NO,Matt Nagy,Sean Payton,outdoors,25,36,-11,away
2019_07_OAK_GB,2019,REG,7,GB,LV,Matt LaFleur,Jon Gruden,outdoors,42,24,18,home
2019_07_PHI_DAL,2019,REG,7,DAL,PHI,Jason Garrett,Doug Pederson,closed,37,10,27,home
2019_07_SF_WAS,2019,REG,7,WAS,SF,Bill Callahan,Kyle Shanahan,outdoors,0,9,-9,away
2019_08_ARI_NO,2019,REG,8,NO,ARI,Sean Payton,Kliff Kingsbury,dome,31,9,22,home
2019_08_CAR_SF,2019,REG,8,SF,CAR,Kyle Shanahan,Ron Rivera,outdoors,51,13,38,home
2019_08_CIN_LA,2019,REG,8,LA,CIN,Sean McVay,Zac Taylor,outdoors,24,10,14,home
2019_08_CLE_NE,2019,REG,8,NE,CLE,Bill Belichick,Freddie Kitchens,outdoors,27,13,14,home
2019_08_DEN_IND,2019,REG,8,IND,DEN,Frank Reich,Vic Fangio,open,15,13,2,home
2019_08_GB_KC,2019,REG,8,KC,GB,Andy Reid,Matt LaFleur,outdoors,24,31,-7,away
2019_08_LAC_CHI,2019,REG,8,CHI,LAC,Matt Nagy,Anthony Lynn,outdoors,16,17,-1,away
2019_08_MIA_PIT,2019,REG,8,PIT,MIA,Mike Tomlin,Brian Flores,outdoors,27,14,13,home
2019_08_NYG_DET,2019,REG,8,DET,NYG,Matt Patricia,Pat Shurmur,dome,31,26,5,home
2019_08_NYJ_JAX,2019,REG,8,JAX,NYJ,Doug Marrone,Adam Gase,outdoors,29,15,14,home
2019_08_OAK_HOU,2019,REG,8,HOU,LV,Bill O'Brien,Jon Gruden,closed,27,24,3,home
2019_08_PHI_BUF,2019,REG,8,BUF,PHI,Sean McDermott,Doug Pederson,outdoors,13,31,-18,away
2019_08_SEA_ATL,2019,REG,8,ATL,SEA,Dan Quinn,Pete Carroll,open,20,27,-7,away
2019_08_TB_TEN,2019,REG,8,TEN,TB,Mike Vrabel,Bruce Arians,outdoors,27,23,4,home
2019_08_WAS_MIN,2019,REG,8,MIN,WAS,Mike Zimmer,Bill Callahan,dome,19,9,10,home
2019_09_CHI_PHI,2019,REG,9,PHI,CHI,Doug Pederson,Matt Nagy,outdoors,22,14,8,home
2019_09_CLE_DEN,2019,REG,9,DEN,CLE,Vic Fangio,Freddie Kitchens,outdoors,24,19,5,home
2019_09_DAL_NYG,2019,REG,9,NYG,DAL,Pat Shurmur,Jason Garrett,outdoors,18,37,-19,away
2019_09_DET_OAK,2019,REG,9,LV,DET,Jon Gruden,Matt Patricia,outdoors,31,24,7,home
2019_09_GB_LAC,2019,REG,9,LAC,GB,Anthony Lynn,Matt LaFleur,outdoors,26,11,15,home
2019_09_HOU_JAX,2019,REG,9,JAX,HOU,Doug Marrone,Bill O'Brien,outdoors,3,26,-23,away
2019_09_IND_PIT,2019,REG,9,PIT,IND,Mike Tomlin,Frank Reich,outdoors,26,24,2,home
2019_09_MIN_KC,2019,REG,9,KC,MIN,Andy Reid,Mike Zimmer,outdoors,26,23,3,home
2019_09_NE_BAL,2019,REG,9,BAL,NE,John Harbaugh,Bill Belichick,outdoors,37,20,17,home
2019_09_NYJ_MIA,2019,REG,9,MIA,NYJ,Brian Flores,Adam Gase,outdoors,26,18,8,home
2019_09_SF_ARI,2019,REG,9,ARI,SF,Kliff Kingsbury,Kyle Shanahan,closed,25,28,-3,away
2019_09_TB_SEA,2019,REG,9,SEA,TB,Pete Carroll,Bruce Arians,outdoors,40,34,6,home
2019_09_TEN_CAR,2019,REG,9,CAR,TEN,Ron Rivera,Mike Vrabel,outdoors,30,20,10,home
2019_09_WAS_BUF,2019,REG,9,BUF,WAS,Sean McDermott,Bill Callahan,outdoors,24,9,15,home
2019_10_ARI_TB,2019,REG,10,TB,ARI,Bruce Arians,Kliff Kingsbury,outdoors,30,27,3,home
2019_10_ATL_NO,2019,REG,10,NO,ATL,Sean Payton,Dan Quinn,dome,9,26,-17,away
2019_10_BAL_CIN,2019,REG,10,CIN,BAL,Zac Taylor,John Harbaugh,outdoors,13,49,-36,away
2019_10_BUF_CLE,2019,REG,10,CLE,BUF,Freddie Kitchens,Sean McDermott,outdoors,19,16,3,home
2019_10_CAR_GB,2019,REG,10,GB,CAR,Matt LaFleur,Ron Rivera,outdoors,24,16,8,home
2019_10_DET_CHI,2019,REG,10,CHI,DET,Matt Nagy,Matt Patricia,outdoors,20,13,7,home
2019_10_KC_TEN,2019,REG,10,TEN,KC,Mike Vrabel,Andy Reid,outdoors,35,32,3,home
2019_10_LAC_OAK,2019,REG,10,LV,LAC,Jon Gruden,Anthony Lynn,outdoors,26,24,2,home
2019_10_LA_PIT,2019,REG,10,PIT,LA,Mike Tomlin,Sean McVay,outdoors,17,12,5,home
2019_10_MIA_IND,2019,REG,10,IND,MIA,Frank Reich,Brian Flores,closed,12,16,-4,away
2019_10_MIN_DAL,2019,REG,10,DAL,MIN,Jason Garrett,Mike Zimmer,closed,24,28,-4,away
2019_10_NYG_NYJ,2019,REG,10,NYJ,NYG,Adam Gase,Pat Shurmur,outdoors,34,27,7,home
2019_10_SEA_SF,2019,REG,10,SF,SEA,Kyle Shanahan,Pete Carroll,outdoors,24,27,-3,away
2019_11_ARI_SF,2019,REG,11,SF,ARI,Kyle Shanahan,Kliff Kingsbury,outdoors,36,26,10,home
2019_11_ATL_CAR,2019,REG,11,CAR,ATL,Ron Rivera,Dan Quinn,outdoors,3,29,-26,away
2019_11_BUF_MIA,2019,REG,11,MIA,BUF,Brian Flores,Sean McDermott,outdoors,20,37,-17,away
2019_11_CHI_LA,2019,REG,11,LA,CHI,Sean McVay,Matt Nagy,outdoors,17,7,10,home
2019_11_CIN_OAK,2019,REG,11,LV,CIN,Jon Gruden,Zac Taylor,outdoors,17,10,7,home
2019_11_DAL_DET,2019,REG,11,DET,DAL,Matt Patricia,Jason Garrett,dome,27,35,-8,away
2019_11_DEN_MIN,2019,REG,11,MIN,DEN,Mike Zimmer,Vic Fangio,dome,27,23,4,home
2019_11_HOU_BAL,2019,REG,11,BAL,HOU,John Harbaugh,Bill O'Brien,outdoors,41,7,34,home
2019_11_JAX_IND,2019,REG,11,IND,JAX,Frank Reich,Doug Marrone,closed,33,13,20,home
2019_11_KC_LAC,2019,REG,11,LAC,KC,Anthony Lynn,Andy Reid,outdoors,17,24,-7,away
2019_11_NE_PHI,2019,REG,11,PHI,NE,Doug Pederson,Bill Belichick,outdoors,10,17,-7,away
2019_11_NO_TB,2019,REG,11,TB,NO,Bruce Arians,Sean Payton,outdoors,17,34,-17,away
2019_11_NYJ_WAS,2019,REG,11,WAS,NYJ,Bill Callahan,Adam Gase,outdoors,17,34,-17,away
2019_11_PIT_CLE,2019,REG,11,CLE,PIT,Freddie Kitchens,Mike Tomlin,outdoors,21,7,14,home
2019_12_BAL_LA,2019,REG,12,LA,BAL,Sean McVay,John Harbaugh,outdoors,6,45,-39,away
2019_12_CAR_NO,2019,REG,12,NO,CAR,Sean Payton,Ron Rivera,dome,34,31,3,home
2019_12_DAL_NE,2019,REG,12,NE,DAL,Bill Belichick,Jason Garrett,outdoors,13,9,4,home
2019_12_DEN_BUF,2019,REG,12,BUF,DEN,Sean McDermott,Vic Fangio,outdoors,20,3,17,home
2019_12_DET_WAS,2019,REG,12,WAS,DET,Bill Callahan,Matt Patricia,outdoors,19,16,3,home
2019_12_GB_SF,2019,REG,12,SF,GB,Kyle Shanahan,Matt LaFleur,outdoors,37,8,29,home
2019_12_IND_HOU,2019,REG,12,HOU,IND,Bill O'Brien,Frank Reich,closed,20,17,3,home
2019_12_JAX_TEN,2019,REG,12,TEN,JAX,Mike Vrabel,Doug Marrone,outdoors,42,20,22,home
2019_12_MIA_CLE,2019,REG,12,CLE,MIA,Freddie Kitchens,Brian Flores,outdoors,41,24,17,home
2019_12_NYG_CHI,2019,REG,12,CHI,NYG,Matt Nagy,Pat Shurmur,outdoors,19,14,5,home
2019_12_OAK_NYJ,2019,REG,12,NYJ,LV,Adam Gase,Jon Gruden,outdoors,34,3,31,home
2019_12_PIT_CIN,2019,REG,12,CIN,PIT,Zac Taylor,Mike Tomlin,outdoors,10,16,-6,away
2019_12_SEA_PHI,2019,REG,12,PHI,SEA,Doug Pederson,Pete Carroll,outdoors,9,17,-8,away
2019_12_TB_ATL,2019,REG,12,ATL,TB,Dan Quinn,Bruce Arians,closed,22,35,-13,away
2019_13_BUF_DAL,2019,REG,13,DAL,BUF,Jason Garrett,Sean McDermott,closed,15,26,-11,away
2019_13_CHI_DET,2019,REG,13,DET,CHI,Matt Patricia,Matt Nagy,dome,20,24,-4,away
2019_13_CLE_PIT,2019,REG,13,PIT,CLE,Mike Tomlin,Freddie Kitchens,outdoors,20,13,7,home
2019_13_GB_NYG,2019,REG,13,NYG,GB,Pat Shurmur,Matt LaFleur,outdoors,13,31,-18,away
2019_13_LAC_DEN,2019,REG,13,DEN,LAC,Vic Fangio,Anthony Lynn,outdoors,23,20,3,home
2019_13_LA_ARI,2019,REG,13,ARI,LA,Kliff Kingsbury,Sean McVay,closed,7,34,-27,away
2019_13_MIN_SEA,2019,REG,13,SEA,MIN,Pete Carroll,Mike Zimmer,outdoors,37,30,7,home
2019_13_NE_HOU,2019,REG,13,HOU,NE,Bill O'Brien,Bill Belichick,closed,28,22,6,home
2019_13_NO_ATL,2019,REG,13,ATL,NO,Dan Quinn,Sean Payton,closed,18,26,-8,away
2019_13_NYJ_CIN,2019,REG,13,CIN,NYJ,Zac Taylor,Adam Gase,outdoors,22,6,16,home
2019_13_OAK_KC,2019,REG,13,KC,LV,Andy Reid,Jon Gruden,outdoors,40,9,31,home
2019_13_PHI_MIA,2019,REG,13,MIA,PHI,Brian Flores,Doug Pederson,outdoors,37,31,6,home
2019_13_SF_BAL,2019,REG,13,BAL,SF,John Harbaugh,Kyle Shanahan,outdoors,20,17,3,home
2019_13_TB_JAX,2019,REG,13,JAX,TB,Doug Marrone,Bruce Arians,outdoors,11,28,-17,away
2019_13_TEN_IND,2019,REG,13,IND,TEN,Frank Reich,Mike Vrabel,closed,17,31,-14,away
2019_13_WAS_CAR,2019,REG,13,CAR,WAS,Ron Rivera,Bill Callahan,outdoors,21,29,-8,away
2019_14_BAL_BUF,2019,REG,14,BUF,BAL,Sean McDermott,John Harbaugh,outdoors,17,24,-7,away
2019_14_CAR_ATL,2019,REG,14,ATL,CAR,Dan Quinn,Ron Rivera,closed,40,20,20,home
2019_14_CIN_CLE,2019,REG,14,CLE,CIN,Freddie Kitchens,Zac Taylor,outdoors,27,19,8,home
2019_14_DAL_CHI,2019,REG,14,CHI,DAL,Matt Nagy,Jason Garrett,outdoors,31,24,7,home
2019_14_DEN_HOU,2019,REG,14,HOU,DEN,Bill O'Brien,Vic Fangio,closed,24,38,-14,away
2019_14_DET_MIN,2019,REG,14,MIN,DET,Mike Zimmer,Matt Patricia,dome,20,7,13,home
2019_14_IND_TB,2019,REG,14,TB,IND,Bruce Arians,Frank Reich,outdoors,38,35,3,home
2019_14_KC_NE,2019,REG,14,NE,KC,Bill Belichick,Andy Reid,outdoors,16,23,-7,away
2019_14_LAC_JAX,2019,REG,14,JAX,LAC,Doug Marrone,Anthony Lynn,outdoors,10,45,-35,away
2019_14_MIA_NYJ,2019,REG,14,NYJ,MIA,Adam Gase,Brian Flores,outdoors,22,21,1,home
2019_14_NYG_PHI,2019,REG,14,PHI,NYG,Doug Pederson,Pat Shurmur,outdoors,23,17,6,home
2019_14_PIT_ARI,2019,REG,14,ARI,PIT,Kliff Kingsbury,Mike Tomlin,closed,17,23,-6,away
2019_14_SEA_LA,2019,REG,14,LA,SEA,Sean McVay,Pete Carroll,outdoors,28,12,16,home
2019_14_SF_NO,2019,REG,14,NO,SF,Sean Payton,Kyle Shanahan,dome,46,48,-2,away
2019_14_TEN_OAK,2019,REG,14,LV,TEN,Jon Gruden,Mike Vrabel,outdoors,21,42,-21,away
2019_14_WAS_GB,2019,REG,14,GB,WAS,Matt LaFleur,Bill Callahan,outdoors,20,15,5,home
2019_15_ATL_SF,2019,REG,15,SF,ATL,Kyle Shanahan,Dan Quinn,outdoors,22,29,-7,away
2019_15_BUF_PIT,2019,REG,15,PIT,BUF,Mike Tomlin,Sean McDermott,outdoors,10,17,-7,away
2019_15_CHI_GB,2019,REG,15,GB,CHI,Matt LaFleur,Matt Nagy,outdoors,21,13,8,home
2019_15_CLE_ARI,2019,REG,15,ARI,CLE,Kliff Kingsbury,Freddie Kitchens,closed,38,24,14,home
2019_15_DEN_KC,2019,REG,15,KC,DEN,Andy Reid,Vic Fangio,outdoors,23,3,20,home
2019_15_HOU_TEN,2019,REG,15,TEN,HOU,Mike Vrabel,Bill O'Brien,outdoors,21,24,-3,away
2019_15_IND_NO,2019,REG,15,NO,IND,Sean Payton,Frank Reich,dome,34,7,27,home
2019_15_JAX_OAK,2019,REG,15,LV,JAX,Jon Gruden,Doug Marrone,outdoors,16,20,-4,away
2019_15_LA_DAL,2019,REG,15,DAL,LA,Jason Garrett,Sean McVay,closed,44,21,23,home
2019_15_MIA_NYG,2019,REG,15,NYG,MIA,Pat Shurmur,Brian Flores,outdoors,36,20,16,home
2019_15_MIN_LAC,2019,REG,15,LAC,MIN,Anthony Lynn,Mike Zimmer,outdoors,10,39,-29,away
2019_15_NE_CIN,2019,REG,15,CIN,NE,Zac Taylor,Bill Belichick,outdoors,13,34,-21,away
2019_15_NYJ_BAL,2019,REG,15,BAL,NYJ,John Harbaugh,Adam Gase,outdoors,42,21,21,home
2019_15_PHI_WAS,2019,REG,15,WAS,PHI,Bill Callahan,Doug Pederson,outdoors,27,37,-10,away
2019_15_SEA_CAR,2019,REG,15,CAR,SEA,Ron Rivera,Pete Carroll,outdoors,24,30,-6,away
2019_15_TB_DET,2019,REG,15,DET,TB,Matt Patricia,Bruce Arians,dome,17,38,-21,away
2019_16_ARI_SEA,2019,REG,16,SEA,ARI,Pete Carroll,Kliff Kingsbury,outdoors,13,27,-14,away
2019_16_BAL_CLE,2019,REG,16,CLE,BAL,Freddie Kitchens,John Harbaugh,outdoors,15,31,-16,away
2019_16_BUF_NE,2019,REG,16,NE,BUF,Bill Belichick,Sean McDermott,outdoors,24,17,7,home
2019_16_CAR_IND,2019,REG,16,IND,CAR,Frank Reich,Ron Rivera,closed,38,6,32,home
2019_16_CIN_MIA,2019,REG,16,MIA,CIN,Brian Flores,Zac Taylor,outdoors,38,35,3,home
2019_16_DAL_PHI,2019,REG,16,PHI,DAL,Doug Pederson,Jason Garrett,outdoors,17,9,8,home
2019_16_DET_DEN,2019,REG,16,DEN,DET,Vic Fangio,Matt Patricia,outdoors,27,17,10,home
2019_16_GB_MIN,2019,REG,16,MIN,GB,Mike Zimmer,Matt LaFleur,dome,10,23,-13,away
2019_16_HOU_TB,2019,REG,16,TB,HOU,Bruce Arians,Bill O'Brien,outdoors,20,23,-3,away
2019_16_JAX_ATL,2019,REG,16,ATL,JAX,Dan Quinn,Doug Marrone,closed,24,12,12,home
2019_16_KC_CHI,2019,REG,16,CHI,KC,Matt Nagy,Andy Reid,outdoors,3,26,-23,away
2019_16_LA_SF,2019,REG,16,SF,LA,Kyle Shanahan,Sean McVay,outdoors,34,31,3,home
2019_16_NO_TEN,2019,REG,16,TEN,NO,Mike Vrabel,Sean Payton,outdoors,28,38,-10,away
2019_16_NYG_WAS,2019,REG,16,WAS,NYG,Bill Callahan,Pat Shurmur,outdoors,35,41,-6,away
2019_16_OAK_LAC,2019,REG,16,LAC,LV,Anthony Lynn,Jon Gruden,outdoors,17,24,-7,away
2019_16_PIT_NYJ,2019,REG,16,NYJ,PIT,Adam Gase,Mike Tomlin,outdoors,16,10,6,home
2019_17_ARI_LA,2019,REG,17,LA,ARI,Sean McVay,Kliff Kingsbury,outdoors,31,24,7,home
2019_17_ATL_TB,2019,REG,17,TB,ATL,Bruce Arians,Dan Quinn,outdoors,22,28,-6,away
2019_17_CHI_MIN,2019,REG,17,MIN,CHI,Mike Zimmer,Matt Nagy,dome,19,21,-2,away
2019_17_CLE_CIN,2019,REG,17,CIN,CLE,Zac Taylor,Freddie Kitchens,outdoors,33,23,10,home
2019_17_GB_DET,2019,REG,17,DET,GB,Matt Patricia,Matt LaFleur,dome,20,23,-3,away
2019_17_IND_JAX,2019,REG,17,JAX,IND,Doug Marrone,Frank Reich,outdoors,38,20,18,home
2019_17_LAC_KC,2019,REG,17,KC,LAC,Andy Reid,Anthony Lynn,outdoors,31,21,10,home
2019_17_MIA_NE,2019,REG,17,NE,MIA,Bill Belichick,Brian Flores,outdoors,24,27,-3,away
2019_17_NO_CAR,2019,REG,17,CAR,NO,Ron Rivera,Sean Payton,outdoors,10,42,-32,away
2019_17_NYJ_BUF,2019,REG,17,BUF,NYJ,Sean McDermott,Adam Gase,outdoors,6,13,-7,away
2019_17_OAK_DEN,2019,REG,17,DEN,LV,Vic Fangio,Jon Gruden,outdoors,16,15,1,home
2019_17_PHI_NYG,2019,REG,17,NYG,PHI,Pat Shurmur,Doug Pederson,outdoors,17,34,-17,away
2019_17_PIT_BAL,2019,REG,17,BAL,PIT,John Harbaugh,Mike Tomlin,outdoors,28,10,18,home
2019_17_SF_SEA,2019,REG,17,SEA,SF,Pete Carroll,Kyle Shanahan,outdoors,21,26,-5,away
2019_17_TEN_HOU,2019,REG,17,HOU,TEN,Bill O'Brien,Mike Vrabel,closed,14,35,-21,away
2019_17_WAS_DAL,2019,REG,17,DAL,WAS,Jason Garrett,Bill Callahan,closed,47,16,31,home
2019_18_BUF_HOU,2019,POST,18,HOU,BUF,Bill O'Brien,Sean McDermott,closed,22,19,3,home
2019_18_MIN_NO,2019,POST,18,NO,MIN,Sean Payton,Mike Zimmer,dome,20,26,-6,away
2019_18_SEA_PHI,2019,POST,18,PHI,SEA,Doug Pederson,Pete Carroll,outdoors,9,17,-8,away
2019_18_TEN_NE,2019,POST,18,NE,TEN,Bill Belichick,Mike Vrabel,outdoors,13,20,-7,away
2019_19_HOU_KC,2019,POST,19,KC,HOU,Andy Reid,Bill O'Brien,outdoors,51,31,20,home
2019_19_MIN_SF,2019,POST,19,SF,MIN,Kyle Shanahan,Mike Zimmer,outdoors,27,10,17,home
2019_19_SEA_GB,2019,POST,19,GB,SEA,Matt LaFleur,Pete Carroll,outdoors,28,23,5,home
2019_19_TEN_BAL,2019,POST,19,BAL,TEN,John Harbaugh,Mike Vrabel,outdoors,12,28,-16,away
2019_20_GB_SF,2019,POST,20,SF,GB,Kyle Shanahan,Matt LaFleur,outdoors,37,20,17,home
2019_20_TEN_KC,2019,POST,20,KC,TEN,Andy Reid,Mike Vrabel,outdoors,35,24,11,home
2019_21_SF_KC,2019,POST,21,KC,SF,Andy Reid,Kyle Shanahan,outdoors,31,20,11,home
2020_01_ARI_SF,2020,REG,1,SF,ARI,Kyle Shanahan,Kliff Kingsbury,outdoors,20,24,-4,away
2020_01_CHI_DET,2020,REG,1,DET,CHI,Matt Patricia,Matt Nagy,dome,23,27,-4,away
2020_01_CLE_BAL,2020,REG,1,BAL,CLE,John Harbaugh,Kevin Stefanski,outdoors,38,6,32,home
2020_01_DAL_LA,2020,REG,1,LA,DAL,Sean McVay,Mike McCarthy,dome,20,17,3,home
2020_01_GB_MIN,2020,REG,1,MIN,GB,Mike Zimmer,Matt LaFleur,dome,34,43,-9,away
2020_01_HOU_KC,2020,REG,1,KC,HOU,Andy Reid,Bill O'Brien,outdoors,34,20,14,home
2020_01_IND_JAX,2020,REG,1,JAX,IND,Doug Marrone,Frank Reich,outdoors,27,20,7,home
2020_01_LAC_CIN,2020,REG,1,CIN,LAC,Zac Taylor,Anthony Lynn,outdoors,13,16,-3,away
2020_01_LV_CAR,2020,REG,1,CAR,LV,Matt Rhule,Jon Gruden,outdoors,30,34,-4,away
2020_01_MIA_NE,2020,REG,1,NE,MIA,Bill Belichick,Brian Flores,outdoors,21,11,10,home
2020_01_NYJ_BUF,2020,REG,1,BUF,NYJ,Sean McDermott,Adam Gase,outdoors,27,17,10,home
2020_01_PHI_WAS,2020,REG,1,WAS,PHI,Ron Rivera,Doug Pederson,outdoors,27,17,10,home
2020_01_PIT_NYG,2020,REG,1,NYG,PIT,Joe Judge,Mike Tomlin,outdoors,16,26,-10,away
2020_01_SEA_ATL,2020,REG,1,ATL,SEA,Dan Quinn,Pete Carroll,closed,25,38,-13,away
2020_01_TB_NO,2020,REG,1,NO,TB,Sean Payton,Bruce Arians,dome,34,23,11,home
2020_01_TEN_DEN,2020,REG,1,DEN,TEN,Vic Fangio,Mike Vrabel,outdoors,14,16,-2,away
2020_02_ATL_DAL,2020,REG,2,DAL,ATL,Mike McCarthy,Dan Quinn,closed,40,39,1,home
2020_02_BAL_HOU,2020,REG,2,HOU,BAL,Bill O'Brien,John Harbaugh,closed,16,33,-17,away
2020_02_BUF_MIA,2020,REG,2,MIA,BUF,Brian Flores,Sean McDermott,outdoors,28,31,-3,away
2020_02_CAR_TB,2020,REG,2,TB,CAR,Bruce Arians,Matt Rhule,outdoors,31,17,14,home
2020_02_CIN_CLE,2020,REG,2,CLE,CIN,Kevin Stefanski,Zac Taylor,outdoors,35,30,5,home
2020_02_DEN_PIT,2020,REG,2,PIT,DEN,Mike Tomlin,Vic Fangio,outdoors,26,21,5,home
2020_02_DET_GB,2020,REG,2,GB,DET,Matt LaFleur,Matt Patricia,outdoors,42,21,21,home
2020_02_JAX_TEN,2020,REG,2,TEN,JAX,Mike Vrabel,Doug Marrone,outdoors,33,30,3,home
2020_02_KC_LAC,2020,REG,2,LAC,KC,Anthony Lynn,Andy Reid,dome,20,23,-3,away
2020_02_LA_PHI,2020,REG,2,PHI,LA,Doug Pederson,Sean McVay,outdoors,19,37,-18,away
2020_02_MIN_IND,2020,REG,2,IND,MIN,Frank Reich,Mike Zimmer,closed,28,11,17,home
2020_02_NE_SEA,2020,REG,2,SEA,NE,Pete Carroll,Bill Belichick,outdoors,35,30,5,home
2020_02_NO_LV,2020,REG,2,LV,NO,Jon Gruden,Sean Payton,dome,34,24,10,home
2020_02_NYG_CHI,2020,REG,2,CHI,NYG,Matt Nagy,Joe Judge,outdoors,17,13,4,home
2020_02_SF_NYJ,2020,REG,2,NYJ,SF,Adam Gase,Kyle Shanahan,outdoors,13,31,-18,away
2020_02_WAS_ARI,2020,REG,2,ARI,WAS,Kliff Kingsbury,Ron Rivera,closed,30,15,15,home
2020_03_CAR_LAC,2020,REG,3,LAC,CAR,Anthony Lynn,Matt Rhule,dome,16,21,-5,away
2020_03_CHI_ATL,2020,REG,3,ATL,CHI,Dan Quinn,Matt Nagy,closed,26,30,-4,away
2020_03_CIN_PHI,2020,REG,3,PHI,CIN,Doug Pederson,Zac Taylor,outdoors,23,23,0,tie
2020_03_DAL_SEA,2020,REG,3,SEA,DAL,Pete Carroll,Mike McCarthy,outdoors,38,31,7,home
2020_03_DET_ARI,2020,REG,3,ARI,DET,Kliff Kingsbury,Matt Patricia,closed,23,26,-3,away
2020_03_GB_NO,2020,REG,3,NO,GB,Sean Payton,Matt LaFleur,dome,30,37,-7,away
2020_03_HOU_PIT,2020,REG,3,PIT,HOU,Mike Tomlin,Bill O'Brien,outdoors,28,21,7,home
2020_03_KC_BAL,2020,REG,3,BAL,KC,John Harbaugh,Andy Reid,outdoors,20,34,-14,away
2020_03_LA_BUF,2020,REG,3,BUF,LA,Sean McDermott,Sean McVay,outdoors,35,32,3,home
2020_03_LV_NE,2020,REG,3,NE,LV,Bill Belichick,Jon Gruden,outdoors,36,20,16,home
2020_03_MIA_JAX,2020,REG,3,JAX,MIA,Doug Marrone,Brian Flores,outdoors,13,31,-18,away
2020_03_NYJ_IND,2020,REG,3,IND,NYJ,Frank Reich,Adam Gase,closed,36,7,29,home
2020_03_SF_NYG,2020,REG,3,NYG,SF,Joe Judge,Kyle Shanahan,outdoors,9,36,-27,away
2020_03_TB_DEN,2020,REG,3,DEN,TB,Vic Fangio,Bruce Arians,outdoors,10,28,-18,away
2020_03_TEN_MIN,2020,REG,3,MIN,TEN,Mike Zimmer,Mike Vrabel,dome,30,31,-1,away
2020_03_WAS_CLE,2020,REG,3,CLE,WAS,Kevin Stefanski,Ron Rivera,outdoors,34,20,14,home
2020_04_ARI_CAR,2020,REG,4,CAR,ARI,Matt Rhule,Kliff Kingsbury,outdoors,31,21,10,home
2020_04_ATL_GB,2020,REG,4,GB,ATL,Matt LaFleur,Dan Quinn,outdoors,30,16,14,home
2020_04_BAL_WAS,2020,REG,4,WAS,BAL,Ron Rivera,John Harbaugh,outdoors,17,31,-14,away
2020_04_BUF_LV,2020,REG,4,LV,BUF,Jon Gruden,Sean McDermott,dome,23,30,-7,away
2020_04_CLE_DAL,2020,REG,4,DAL,CLE,Mike McCarthy,Kevin Stefanski,closed,38,49,-11,away
2020_04_DEN_NYJ,2020,REG,4,NYJ,DEN,Adam Gase,Vic Fangio,outdoors,28,37,-9,away
2020_04_IND_CHI,2020,REG,4,CHI,IND,Matt Nagy,Frank Reich,outdoors,11,19,-8,away
2020_04_JAX_CIN,2020,REG,4,CIN,JAX,Zac Taylor,Doug Marrone,outdoors,33,25,8,home
2020_04_LAC_TB,2020,REG,4,TB,LAC,Bruce Arians,Anthony Lynn,outdoors,38,31,7,home
2020_04_MIN_HOU,2020,REG,4,HOU,MIN,Bill O'Brien,Mike Zimmer,closed,23,31,-8,away
2020_04_NE_KC,2020,REG,4,KC,NE,Andy Reid,Bill Belichick,outdoors,26,10,16,home
2020_04_NO_DET,2020,REG,4,DET,NO,Matt Patricia,Sean Payton,dome,29,35,-6,away
2020_04_NYG_LA,2020,REG,4,LA,NYG,Sean McVay,Joe Judge,dome,17,9,8,home
2020_04_PHI_SF,2020,REG,4,SF,PHI,Kyle Shanahan,Doug Pederson,outdoors,20,25,-5,away
2020_04_SEA_MIA,2020,REG,4,MIA,SEA,Brian Flores,Pete Carroll,outdoors,23,31,-8,away
2020_05_ARI_NYJ,2020,REG,5,NYJ,ARI,Adam Gase,Kliff Kingsbury,outdoors,10,30,-20,away
2020_05_BUF_TEN,2020,REG,5,TEN,BUF,Mike Vrabel,Sean McDermott,outdoors,42,16,26,home
2020_05_CAR_ATL,2020,REG,5,ATL,CAR,Dan Quinn,Matt Rhule,closed,16,23,-7,away
2020_05_CIN_BAL,2020,REG,5,BAL,CIN,John Harbaugh,Zac Taylor,outdoors,27,3,24,home
2020_05_IND_CLE,2020,REG,5,CLE,IND,Kevin Stefanski,Frank Reich,outdoors,32,23,9,home
2020_05_JAX_HOU,2020,REG,5,HOU,JAX,Romeo Crennel,Doug Marrone,closed,30,14,16,home
2020_05_LAC_NO,2020,REG,5,NO,LAC,Sean Payton,Anthony Lynn,dome,30,27,3,home
2020_05_LA_WAS,2020,REG,5,WAS,LA,Ron Rivera,Sean McVay,outdoors,10,30,-20,away
2020_05_LV_KC,2020,REG,5,KC,LV,Andy Reid,Jon Gruden,outdoors,32,40,-8,away
2020_05_MIA_SF,2020,REG,5,SF,MIA,Kyle Shanahan,Brian Flores,outdoors,17,43,-26,away
2020_05_MIN_SEA,2020,REG,5,SEA,MIN,Pete Carroll,Mike Zimmer,outdoors,27,26,1,home
2020_05_NYG_DAL,2020,REG,5,DAL,NYG,Mike McCarthy,Joe Judge,closed,37,34,3,home
2020_05_PHI_PIT,2020,REG,5,PIT,PHI,Mike Tomlin,Doug Pederson,outdoors,38,29,9,home
2020_05_TB_CHI,2020,REG,5,CHI,TB,Matt Nagy,Bruce Arians,outdoors,20,19,1,home
2020_06_ARI_DAL,2020,REG,6,DAL,ARI,Mike McCarthy,Kliff Kingsbury,closed,10,38,-28,away
2020_06_ATL_MIN,2020,REG,6,MIN,ATL,Mike Zimmer,Raheem Morris,dome,23,40,-17,away
2020_06_BAL_PHI,2020,REG,6,PHI,BAL,Doug Pederson,John Harbaugh,outdoors,28,30,-2,away
2020_06_CHI_CAR,2020,REG,6,CAR,CHI,Matt Rhule,Matt Nagy,outdoors,16,23,-7,away
2020_06_CIN_IND,2020,REG,6,IND,CIN,Frank Reich,Zac Taylor,closed,31,27,4,home
2020_06_CLE_PIT,2020,REG,6,PIT,CLE,Mike Tomlin,Kevin Stefanski,outdoors,38,7,31,home
2020_06_DEN_NE,2020,REG,6,NE,DEN,Bill Belichick,Vic Fangio,outdoors,12,18,-6,away
2020_06_DET_JAX,2020,REG,6,JAX,DET,Doug Marrone,Matt Patricia,outdoors,16,34,-18,away
2020_06_GB_TB,2020,REG,6,TB,GB,Bruce Arians,Matt LaFleur,outdoors,38,10,28,home
2020_06_HOU_TEN,2020,REG,6,TEN,HOU,Mike Vrabel,Romeo Crennel,outdoors,42,36,6,home
2020_06_KC_BUF,2020,REG,6,BUF,KC,Sean McDermott,Andy Reid,outdoors,17,26,-9,away
2020_06_LA_SF,2020,REG,6,SF,LA,Kyle Shanahan,Sean McVay,outdoors,24,16,8,home
2020_06_NYJ_MIA,2020,REG,6,MIA,NYJ,Brian Flores,Adam Gase,outdoors,24,0,24,home
2020_06_WAS_NYG,2020,REG,6,NYG,WAS,Joe Judge,Ron Rivera,outdoors,20,19,1,home
2020_07_BUF_NYJ,2020,REG,7,NYJ,BUF,Adam Gase,Sean McDermott,outdoors,10,18,-8,away
2020_07_CAR_NO,2020,REG,7,NO,CAR,Sean Payton,Matt Rhule,dome,27,24,3,home
2020_07_CHI_LA,2020,REG,7,LA,CHI,Sean McVay,Matt Nagy,dome,24,10,14,home
2020_07_CLE_CIN,2020,REG,7,CIN,CLE,Zac Taylor,Kevin Stefanski,outdoors,34,37,-3,away
2020_07_DAL_WAS,2020,REG,7,WAS,DAL,Ron Rivera,Mike McCarthy,outdoors,25,3,22,home
2020_07_DET_ATL,2020,REG,7,ATL,DET,Raheem Morris,Matt Patricia,closed,22,23,-1,away
2020_07_GB_HOU,2020,REG,7,HOU,GB,Romeo Crennel,Matt LaFleur,closed,20,35,-15,away
2020_07_JAX_LAC,2020,REG,7,LAC,JAX,Anthony Lynn,Doug Marrone,dome,39,29,10,home
2020_07_KC_DEN,2020,REG,7,DEN,KC,Vic Fangio,Andy Reid,outdoors,16,43,-27,away
2020_07_NYG_PHI,2020,REG,7,PHI,NYG,Doug Pederson,Joe Judge,outdoors,22,21,1,home
2020_07_PIT_TEN,2020,REG,7,TEN,PIT,Mike Vrabel,Mike Tomlin,outdoors,24,27,-3,away
2020_07_SEA_ARI,2020,REG,7,ARI,SEA,Kliff Kingsbury,Pete Carroll,closed,37,34,3,home
2020_07_SF_NE,2020,REG,7,NE,SF,Bill Belichick,Kyle Shanahan,outdoors,6,33,-27,away
2020_07_TB_LV,2020,REG,7,LV,TB,Jon Gruden,Bruce Arians,dome,20,45,-25,away
2020_08_ATL_CAR,2020,REG,8,CAR,ATL,Matt Rhule,Raheem Morris,outdoors,17,25,-8,away
2020_08_DAL_PHI,2020,REG,8,PHI,DAL,Doug Pederson,Mike McCarthy,outdoors,23,9,14,home
2020_08_IND_DET,2020,REG,8,DET,IND,Matt Patricia,Frank Reich,dome,21,41,-20,away
2020_08_LAC_DEN,2020,REG,8,DEN,LAC,Vic Fangio,Anthony Lynn,outdoors,31,30,1,home
2020_08_LA_MIA,2020,REG,8,MIA,LA,Brian Flores,Sean McVay,outdoors,28,17,11,home
2020_08_LV_CLE,2020,REG,8,CLE,LV,Kevin Stefanski,Jon Gruden,outdoors,6,16,-10,away
2020_08_MIN_GB,2020,REG,8,GB,MIN,Matt LaFleur,Mike Zimmer,outdoors,22,28,-6,away
2020_08_NE_BUF,2020,REG,8,BUF,NE,Sean McDermott,Bill Belichick,outdoors,24,21,3,home
2020_08_NO_CHI,2020,REG,8,CHI,NO,Matt Nagy,Sean Payton,outdoors,23,26,-3,away
2020_08_NYJ_KC,2020,REG,8,KC,NYJ,Andy Reid,Adam Gase,outdoors,35,9,26,home
2020_08_PIT_BAL,2020,REG,8,BAL,PIT,John Harbaugh,Mike Tomlin,outdoors,24,28,-4,away
2020_08_SF_SEA,2020,REG,8,SEA,SF,Pete Carroll,Kyle Shanahan,outdoors,37,27,10,home
2020_08_TB_NYG,2020,REG,8,NYG,TB,Joe Judge,Bruce Arians,outdoors,23,25,-2,away
2020_08_TEN_CIN,2020,REG,8,CIN,TEN,Zac Taylor,Mike Vrabel,outdoors,31,20,11,home
2020_09_BAL_IND,2020,REG,9,IND,BAL,Frank Reich,John Harbaugh,closed,10,24,-14,away
2020_09_CAR_KC,2020,REG,9,KC,CAR,Andy Reid,Matt Rhule,outdoors,33,31,2,home
2020_09_CHI_TEN,2020,REG,9,TEN,CHI,Mike Vrabel,Matt Nagy,outdoors,24,17,7,home
2020_09_DEN_ATL,2020,REG,9,ATL,DEN,Raheem Morris,Vic Fangio,closed,34,27,7,home
2020_09_DET_MIN,2020,REG,9,MIN,DET,Mike Zimmer,Matt Patricia,dome,34,20,14,home
2020_09_GB_SF,2020,REG,9,SF,GB,Kyle Shanahan,Matt LaFleur,outdoors,17,34,-17,away
2020_09_HOU_JAX,2020,REG,9,JAX,HOU,Doug Marrone,Romeo Crennel,outdoors,25,27,-2,away
2020_09_LV_LAC,2020,REG,9,LAC,LV,Anthony Lynn,Jon Gruden,dome,26,31,-5,away
2020_09_MIA_ARI,2020,REG,9,ARI,MIA,Kliff Kingsbury,Brian Flores,closed,31,34,-3,away
2020_09_NE_NYJ,2020,REG,9,NYJ,NE,Adam Gase,Bill Belichick,outdoors,27,30,-3,away
2020_09_NO_TB,2020,REG,9,TB,NO,Bruce Arians,Sean Payton,outdoors,3,38,-35,away
2020_09_NYG_WAS,2020,REG,9,WAS,NYG,Ron Rivera,Joe Judge,outdoors,20,23,-3,away
2020_09_PIT_DAL,2020,REG,9,DAL,PIT,Mike McCarthy,Mike Tomlin,closed,19,24,-5,away
2020_09_SEA_BUF,2020,REG,9,BUF,SEA,Sean McDermott,Pete Carroll,outdoors,44,34,10,home
2020_10_BAL_NE,2020,REG,10,NE,BAL,Bill Belichick,John Harbaugh,outdoors,23,17,6,home
2020_10_BUF_ARI,2020,REG,10,ARI,BUF,Kliff Kingsbury,Sean McDermott,closed,32,30,2,home
2020_10_CIN_PIT,2020,REG,10,PIT,CIN,Mike Tomlin,Zac Taylor,outdoors,36,10,26,home
2020_10_DEN_LV,2020,REG,10,LV,DEN,Jon Gruden,Vic Fangio,dome,37,12,25,home
2020_10_HOU_CLE,2020,REG,10,CLE,HOU,Kevin Stefanski,Romeo Crennel,outdoors,10,7,3,home
2020_10_IND_TEN,2020,REG,10,TEN,IND,Mike Vrabel,Frank Reich,outdoors,17,34,-17,away
2020_10_JAX_GB,2020,REG,10,GB,JAX,Matt LaFleur,Doug Marrone,outdoors,24,20,4,home
2020_10_LAC_MIA,2020,REG,10,MIA,LAC,Brian Flores,Anthony Lynn,outdoors,29,21,8,home
2020_10_MIN_CHI,2020,REG,10,CHI,MIN,Matt Nagy,Mike Zimmer,outdoors,13,19,-6,away
2020_10_PHI_NYG,2020,REG,10,NYG,PHI,Joe Judge,Doug Pederson,outdoors,27,17,10,home
2020_10_SEA_LA,2020,REG,10,LA,SEA,Sean McVay,Pete Carroll,dome,23,16,7,home
2020_10_SF_NO,2020,REG,10,NO,SF,Sean Payton,Kyle Shanahan,dome,27,13,14,home
2020_10_TB_CAR,2020,REG,10,CAR,TB,Matt Rhule,Bruce Arians,outdoors,23,46,-23,away
2020_10_WAS_DET,2020,REG,10,DET,WAS,Matt Patricia,Ron Rivera,dome,30,27,3,home
2020_11_ARI_SEA,2020,REG,11,SEA,ARI,Pete Carroll,Kliff Kingsbury,outdoors,28,21,7,home
2020_11_ATL_NO,2020,REG,11,NO,ATL,Sean Payton,Raheem Morris,dome,24,9,15,home
2020_11_CIN_WAS,2020,REG,11,WAS,CIN,Ron Rivera,Zac Taylor,outdoors,20,9,11,home
2020_11_DAL_MIN,2020,REG,11,MIN,DAL,Mike Zimmer,Mike McCarthy,dome,28,31,-3,away
2020_11_DET_CAR,2020,REG,11,CAR,DET,Matt Rhule,Matt Patricia,outdoors,20,0,20,home
2020_11_GB_IND,2020,REG,11,IND,GB,Frank Reich,Matt LaFleur,closed,34,31,3,home
2020_11_KC_LV,2020,REG,11,LV,KC,Jon Gruden,Andy Reid,dome,31,35,-4,away
2020_11_LA_TB,2020,REG,11,TB,LA,Bruce Arians,Sean McVay,outdoors,24,27,-3,away
2020_11_MIA_DEN,2020,REG,11,DEN,MIA,Vic Fangio,Brian Flores,outdoors,20,13,7,home
2020_11_NE_HOU,2020,REG,11,HOU,NE,Romeo Crennel,Bill Belichick,closed,27,20,7,home
2020_11_NYJ_LAC,2020,REG,11,LAC,NYJ,Anthony Lynn,Adam Gase,dome,34,28,6,home
2020_11_PHI_CLE,2020,REG,11,CLE,PHI,Kevin Stefanski,Doug Pederson,outdoors,22,17,5,home
2020_11_PIT_JAX,2020,REG,11,JAX,PIT,Doug Marrone,Mike Tomlin,outdoors,3,27,-24,away
2020_11_TEN_BAL,2020,REG,11,BAL,TEN,John Harbaugh,Mike Vrabel,outdoors,24,30,-6,away
2020_12_ARI_NE,2020,REG,12,NE,ARI,Bill Belichick,Kliff Kingsbury,outdoors,20,17,3,home
2020_12_BAL_PIT,2020,REG,12,PIT,BAL,Mike Tomlin,John Harbaugh,outdoors,19,14,5,home
2020_12_CAR_MIN,2020,REG,12,MIN,CAR,Mike Zimmer,Matt Rhule,dome,28,27,1,home
2020_12_CHI_GB,2020,REG,12,GB,CHI,Matt LaFleur,Matt Nagy,outdoors,41,25,16,home
2020_12_CLE_JAX,2020,REG,12,JAX,CLE,Doug Marrone,Kevin Stefanski,outdoors,25,27,-2,away
2020_12_HOU_DET,2020,REG,12,DET,HOU,Matt Patricia,Romeo Crennel,dome,25,41,-16,away
2020_12_KC_TB,2020,REG,12,TB,KC,Bruce Arians,Andy Reid,outdoors,24,27,-3,away
2020_12_LAC_BUF,2020,REG,12,BUF,LAC,Sean McDermott,Anthony Lynn,outdoors,27,17,10,home
2020_12_LV_ATL,2020,REG,12,ATL,LV,Raheem Morris,Jon Gruden,closed,43,6,37,home
2020_12_MIA_NYJ,2020,REG,12,NYJ,MIA,Adam Gase,Brian Flores,outdoors,3,20,-17,away
2020_12_NO_DEN,2020,REG,12,DEN,NO,Vic Fangio,Sean Payton,outdoors,3,31,-28,away
2020_12_NYG_CIN,2020,REG,12,CIN,NYG,Zac Taylor,Joe Judge,outdoors,17,19,-2,away
2020_12_SEA_PHI,2020,REG,12,PHI,SEA,Doug Pederson,Pete Carroll,outdoors,17,23,-6,away
2020_12_SF_LA,2020,REG,12,LA,SF,Sean McVay,Kyle Shanahan,dome,20,23,-3,away
2020_12_TEN_IND,2020,REG,12,IND,TEN,Frank Reich,Mike Vrabel,closed,26,45,-19,away
2020_12_WAS_DAL,2020,REG,12,DAL,WAS,Mike McCarthy,Ron Rivera,closed,16,41,-25,away
2020_13_BUF_SF,2020,REG,13,SF,BUF,Kyle Shanahan,Sean McDermott,closed,24,34,-10,away
2020_13_CIN_MIA,2020,REG,13,MIA,CIN,Brian Flores,Zac Taylor,outdoors,19,7,12,home
2020_13_CLE_TEN,2020,REG,13,TEN,CLE,Mike Vrabel,Kevin Stefanski,outdoors,35,41,-6,away
2020_13_DAL_BAL,2020,REG,13,BAL,DAL,John Harbaugh,Mike McCarthy,outdoors,34,17,17,home
2020_13_DEN_KC,2020,REG,13,KC,DEN,Andy Reid,Vic Fangio,outdoors,22,16,6,home
2020_13_DET_CHI,2020,REG,13,CHI,DET,Matt Nagy,Darrell Bevell,outdoors,30,34,-4,away
2020_13_IND_HOU,2020,REG,13,HOU,IND,Romeo Crennel,Frank Reich,closed,20,26,-6,away
2020_13_JAX_MIN,2020,REG,13,MIN,JAX,Mike Zimmer,Doug Marrone,dome,27,24,3,home
2020_13_LA_ARI,2020,REG,13,ARI,LA,Kliff Kingsbury,Sean McVay,closed,28,38,-10,away
2020_13_LV_NYJ,2020,REG,13,NYJ,LV,Adam Gase,Jon Gruden,outdoors,28,31,-3,away
2020_13_NE_LAC,2020,REG,13,LAC,NE,Anthony Lynn,Bill Belichick,dome,0,45,-45,away
2020_13_NO_ATL,2020,REG,13,ATL,NO,Raheem Morris,Sean Payton,closed,16,21,-5,away
2020_13_NYG_SEA,2020,REG,13,SEA,NYG,Pete Carroll,Joe Judge,outdoors,12,17,-5,away
2020_13_PHI_GB,2020,REG,13,GB,PHI,Matt LaFleur,Doug Pederson,outdoors,30,16,14,home
2020_13_WAS_PIT,2020,REG,13,PIT,WAS,Mike Tomlin,Ron Rivera,outdoors,17,23,-6,away
2020_14_ARI_NYG,2020,REG,14,NYG,ARI,Joe Judge,Kliff Kingsbury,outdoors,7,26,-19,away
2020_14_ATL_LAC,2020,REG,14,LAC,ATL,Anthony Lynn,Raheem Morris,dome,20,17,3,home
2020_14_BAL_CLE,2020,REG,14,CLE,BAL,Kevin Stefanski,John Harbaugh,outdoors,42,47,-5,away
2020_14_DAL_CIN,2020,REG,14,CIN,DAL,Zac Taylor,Mike McCarthy,outdoors,7,30,-23,away
2020_14_DEN_CAR,2020,REG,14,CAR,DEN,Matt Rhule,Vic Fangio,outdoors,27,32,-5,away
2020_14_GB_DET,2020,REG,14,DET,GB,Darrell Bevell,Matt LaFleur,dome,24,31,-7,away
2020_14_HOU_CHI,2020,REG,14,CHI,HOU,Matt Nagy,Romeo Crennel,outdoors,36,7,29,home
2020_14_IND_LV,2020,REG,14,LV,IND,Jon Gruden,Frank Reich,dome,27,44,-17,away
2020_14_KC_MIA,2020,REG,14,MIA,KC,Brian Flores,Andy Reid,outdoors,27,33,-6,away
2020_14_MIN_TB,2020,REG,14,TB,MIN,Bruce Arians,Mike Zimmer,outdoors,26,14,12,home
2020_14_NE_LA,2020,REG,14,LA,NE,Sean McVay,Bill Belichick,dome,24,3,21,home
2020_14_NO_PHI,2020,REG,14,PHI,NO,Doug Pederson,Sean Payton,outdoors,24,21,3,home
2020_14_NYJ_SEA,2020,REG,14,SEA,NYJ,Pete Carroll,Adam Gase,outdoors,40,3,37,home
2020_14_PIT_BUF,2020,REG,14,BUF,PIT,Sean McDermott,Mike Tomlin,outdoors,26,15,11,home
2020_14_TEN_JAX,2020,REG,14,JAX,TEN,Doug Marrone,Mike Vrabel,outdoors,10,31,-21,away
2020_14_WAS_SF,2020,REG,14,SF,WAS,Kyle Shanahan,Ron Rivera,closed,15,23,-8,away
2020_15_BUF_DEN,2020,REG,15,DEN,BUF,Vic Fangio,Sean McDermott,outdoors,19,48,-29,away
2020_15_CAR_GB,2020,REG,15,GB,CAR,Matt LaFleur,Matt Rhule,outdoors,24,16,8,home
2020_15_CHI_MIN,2020,REG,15,MIN,CHI,Mike Zimmer,Matt Nagy,dome,27,33,-6,away
2020_15_CLE_NYG,2020,REG,15,NYG,CLE,Joe Judge,Kevin Stefanski,outdoors,6,20,-14,away
2020_15_DET_TEN,2020,REG,15,TEN,DET,Mike Vrabel,Darrell Bevell,outdoors,46,25,21,home
2020_15_HOU_IND,2020,REG,15,IND,HOU,Frank Reich,Romeo Crennel,closed,27,20,7,home
2020_15_JAX_BAL,2020,REG,15,BAL,JAX,John Harbaugh,Doug Marrone,outdoors,40,14,26,home
2020_15_KC_NO,2020,REG,15,NO,KC,Sean Payton,Andy Reid,dome,29,32,-3,away
2020_15_LAC_LV,2020,REG,15,LV,LAC,Jon Gruden,Anthony Lynn,dome,27,30,-3,away
2020_15_NE_MIA,2020,REG,15,MIA,NE,Brian Flores,Bill Belichick,outdoors,22,12,10,home
2020_15_NYJ_LA,2020,REG,15,LA,NYJ,Sean McVay,Adam Gase,dome,20,23,-3,away
2020_15_PHI_ARI,2020,REG,15,ARI,PHI,Kliff Kingsbury,Doug Pederson,closed,33,26,7,home
2020_15_PIT_CIN,2020,REG,15,CIN,PIT,Zac Taylor,Mike Tomlin,outdoors,27,17,10,home
2020_15_SEA_WAS,2020,REG,15,WAS,SEA,Ron Rivera,Pete Carroll,outdoors,15,20,-5,away
2020_15_SF_DAL,2020,REG,15,DAL,SF,Mike McCarthy,Kyle Shanahan,closed,41,33,8,home
2020_15_TB_ATL,2020,REG,15,ATL,TB,Raheem Morris,Bruce Arians,closed,27,31,-4,away
2020_16_ATL_KC,2020,REG,16,KC,ATL,Andy Reid,Raheem Morris,outdoors,17,14,3,home
2020_16_BUF_NE,2020,REG,16,NE,BUF,Bill Belichick,Sean McDermott,outdoors,9,38,-29,away
2020_16_CAR_WAS,2020,REG,16,WAS,CAR,Ron Rivera,Matt Rhule,outdoors,13,20,-7,away
2020_16_CHI_JAX,2020,REG,16,JAX,CHI,Doug Marrone,Matt Nagy,outdoors,17,41,-24,away
2020_16_CIN_HOU,2020,REG,16,HOU,CIN,Romeo Crennel,Zac Taylor,closed,31,37,-6,away
2020_16_CLE_NYJ,2020,REG,16,NYJ,CLE,Adam Gase,Kevin Stefanski,outdoors,23,16,7,home
2020_16_DEN_LAC,2020,REG,16,LAC,DEN,Anthony Lynn,Vic Fangio,dome,19,16,3,home
2020_16_IND_PIT,2020,REG,16,PIT,IND,Mike Tomlin,Frank Reich,outdoors,28,24,4,home
2020_16_LA_SEA,2020,REG,16,SEA,LA,Pete Carroll,Sean McVay,outdoors,20,9,11,home
2020_16_MIA_LV,2020,REG,16,LV,MIA,Jon Gruden,Brian Flores,dome,25,26,-1,away
2020_16_MIN_NO,2020,REG,16,NO,MIN,Sean Payton,Mike Zimmer,dome,52,33,19,home
2020_16_NYG_BAL,2020,REG,16,BAL,NYG,John Harbaugh,Joe Judge,outdoors,27,13,14,home
2020_16_PHI_DAL,2020,REG,16,DAL,PHI,Mike McCarthy,Doug Pederson,closed,37,17,20,home
2020_16_SF_ARI,2020,REG,16,ARI,SF,Kliff Kingsbury,Kyle Shanahan,closed,12,20,-8,away
2020_16_TB_DET,2020,REG,16,DET,TB,Darrell Bevell,Bruce Arians,dome,7,47,-40,away
2020_16_TEN_GB,2020,REG,16,GB,TEN,Matt LaFleur,Mike Vrabel,outdoors,40,14,26,home
2020_17_ARI_LA,2020,REG,17,LA,ARI,Sean McVay,Kliff Kingsbury,dome,18,7,11,home
2020_17_ATL_TB,2020,REG,17,TB,ATL,Bruce Arians,Raheem Morris,outdoors,44,27,17,home
2020_17_BAL_CIN,2020,REG,17,CIN,BAL,Zac Taylor,John Harbaugh,outdoors,3,38,-35,away
2020_17_DAL_NYG,2020,REG,17,NYG,DAL,Joe Judge,Mike McCarthy,outdoors,23,19,4,home
2020_17_GB_CHI,2020,REG,17,CHI,GB,Matt Nagy,Matt LaFleur,outdoors,16,35,-19,away
2020_17_JAX_IND,2020,REG,17,IND,JAX,Frank Reich,Doug Marrone,closed,28,14,14,home
2020_17_LAC_KC,2020,REG,17,KC,LAC,Andy Reid,Anthony Lynn,outdoors,21,38,-17,away
2020_17_LV_DEN,2020,REG,17,DEN,LV,Vic Fangio,Jon Gruden,outdoors,31,32,-1,away
2020_17_MIA_BUF,2020,REG,17,BUF,MIA,Sean McDermott,Brian Flores,outdoors,56,26,30,home
2020_17_MIN_DET,2020,REG,17,DET,MIN,Darrell Bevell,Mike Zimmer,dome,35,37,-2,away
2020_17_NO_CAR,2020,REG,17,CAR,NO,Matt Rhule,Sean Payton,outdoors,7,33,-26,away
2020_17_NYJ_NE,2020,REG,17,NE,NYJ,Bill Belichick,Adam Gase,outdoors,28,14,14,home
2020_17_PIT_CLE,2020,REG,17,CLE,PIT,Kevin Stefanski,Mike Tomlin,outdoors,24,22,2,home
2020_17_SEA_SF,2020,REG,17,SF,SEA,Kyle Shanahan,Pete Carroll,closed,23,26,-3,away
2020_17_TEN_HOU,2020,REG,17,HOU,TEN,Romeo Crennel,Mike Vrabel,closed,38,41,-3,away
2020_17_WAS_PHI,2020,REG,17,PHI,WAS,Doug Pederson,Ron Rivera,outdoors,14,20,-6,away
2020_18_BAL_TEN,2020,POST,18,TEN,BAL,Mike Vrabel,John Harbaugh,outdoors,13,20,-7,away
2020_18_CHI_NO,2020,POST,18,NO,CHI,Sean Payton,Matt Nagy,dome,21,9,12,home
2020_18_CLE_PIT,2020,POST,18,PIT,CLE,Mike Tomlin,Kevin Stefanski,outdoors,37,48,-11,away
2020_18_IND_BUF,2020,POST,18,BUF,IND,Sean McDermott,Frank Reich,outdoors,27,24,3,home
2020_18_LA_SEA,2020,POST,18,SEA,LA,Pete Carroll,Sean McVay,outdoors,20,30,-10,away
2020_18_TB_WAS,2020,POST,18,WAS,TB,Ron Rivera,Bruce Arians,outdoors,23,31,-8,away
2020_19_BAL_BUF,2020,POST,19,BUF,BAL,Sean McDermott,John Harbaugh,outdoors,17,3,14,home
2020_19_CLE_KC,2020,POST,19,KC,CLE,Andy Reid,Kevin Stefanski,outdoors,22,17,5,home
2020_19_LA_GB,2020,POST,19,GB,LA,Matt LaFleur,Sean McVay,outdoors,32,18,14,home
2020_19_TB_NO,2020,POST,19,NO,TB,Sean Payton,Bruce Arians,dome,20,30,-10,away
2020_20_BUF_KC,2020,POST,20,KC,BUF,Andy Reid,Sean McDermott,outdoors,38,24,14,home
2020_20_TB_GB,2020,POST,20,GB,TB,Matt LaFleur,Bruce Arians,outdoors,26,31,-5,away
2020_21_KC_TB,2020,POST,21,TB,KC,Bruce Arians,Andy Reid,outdoors,31,9,22,home
2021_01_ARI_TEN,2021,REG,1,TEN,ARI,Mike Vrabel,Kliff Kingsbury,outdoors,13,38,-25,away
2021_01_BAL_LV,2021,REG,1,LV,BAL,Jon Gruden,John Harbaugh,dome,33,27,6,home
2021_01_CHI_LA,2021,REG,1,LA,CHI,Sean McVay,Matt Nagy,dome,34,14,20,home
2021_01_CLE_KC,2021,REG,1,KC,CLE,Andy Reid,Kevin Stefanski,outdoors,33,29,4,home
2021_01_DAL_TB,2021,REG,1,TB,DAL,Bruce Arians,Mike McCarthy,outdoors,31,29,2,home
2021_01_DEN_NYG,2021,REG,1,NYG,DEN,Joe Judge,Vic Fangio,outdoors,13,27,-14,away
2021_01_GB_NO,2021,REG,1,NO,GB,Sean Payton,Matt LaFleur,outdoors,38,3,35,home
2021_01_JAX_HOU,2021,REG,1,HOU,JAX,David Culley,Urban Meyer,closed,37,21,16,home
2021_01_LAC_WAS,2021,REG,1,WAS,LAC,Ron Rivera,Brandon Staley,outdoors,16,20,-4,away
2021_01_MIA_NE,2021,REG,1,NE,MIA,Bill Belichick,Brian Flores,outdoors,16,17,-1,away
2021_01_MIN_CIN,2021,REG,1,CIN,MIN,Zac Taylor,Mike Zimmer,outdoors,27,24,3,home
2021_01_NYJ_CAR,2021,REG,1,CAR,NYJ,Matt Rhule,Robert Saleh,outdoors,19,14,5,home
2021_01_PHI_ATL,2021,REG,1,ATL,PHI,Arthur Smith,Nick Sirianni,open,6,32,-26,away
2021_01_PIT_BUF,2021,REG,1,BUF,PIT,Sean McDermott,Mike Tomlin,outdoors,16,23,-7,away
2021_01_SEA_IND,2021,REG,1,IND,SEA,Frank Reich,Pete Carroll,closed,16,28,-12,away
2021_01_SF_DET,2021,REG,1,DET,SF,Dan Campbell,Kyle Shanahan,dome,33,41,-8,away
2021_02_ATL_TB,2021,REG,2,TB,ATL,Bruce Arians,Arthur Smith,outdoors,48,25,23,home
2021_02_BUF_MIA,2021,REG,2,MIA,BUF,Brian Flores,Sean McDermott,outdoors,0,35,-35,away
2021_02_CIN_CHI,2021,REG,2,CHI,CIN,Matt Nagy,Zac Taylor,outdoors,20,17,3,home
2021_02_DAL_LAC,2021,REG,2,LAC,DAL,Brandon Staley,Mike McCarthy,dome,17,20,-3,away
2021_02_DEN_JAX,2021,REG,2,JAX,DEN,Urban Meyer,Vic Fangio,outdoors,13,23,-10,away
2021_02_DET_GB,2021,REG,2,GB,DET,Matt LaFleur,Dan Campbell,outdoors,35,17,18,home
2021_02_HOU_CLE,2021,REG,2,CLE,HOU,Kevin Stefanski,David Culley,outdoors,31,21,10,home
2021_02_KC_BAL,2021,REG,2,BAL,KC,John Harbaugh,Andy Reid,outdoors,36,35,1,home
2021_02_LA_IND,2021,REG,2,IND,LA,Frank Reich,Sean McVay,closed,24,27,-3,away
2021_02_LV_PIT,2021,REG,2,PIT,LV,Mike Tomlin,Jon Gruden,outdoors,17,26,-9,away
2021_02_MIN_ARI,2021,REG,2,ARI,MIN,Kliff Kingsbury,Mike Zimmer,closed,34,33,1,home
2021_02_NE_NYJ,2021,REG,2,NYJ,NE,Robert Saleh,Bill Belichick,outdoors,6,25,-19,away
2021_02_NO_CAR,2021,REG,2,CAR,NO,Matt Rhule,Sean Payton,outdoors,26,7,19,home
2021_02_NYG_WAS,2021,REG,2,WAS,NYG,Ron Rivera,Joe Judge,outdoors,30,29,1,home
2021_02_SF_PHI,2021,REG,2,PHI,SF,Nick Sirianni,Kyle Shanahan,outdoors,11,17,-6,away
2021_02_TEN_SEA,2021,REG,2,SEA,TEN,Pete Carroll,Mike Vrabel,outdoors,30,33,-3,away
2021_03_ARI_JAX,2021,REG,3,JAX,ARI,Urban Meyer,Kliff Kingsbury,outdoors,19,31,-12,away
2021_03_ATL_NYG,2021,REG,3,NYG,ATL,Joe Judge,Arthur Smith,outdoors,14,17,-3,away
2021_03_BAL_DET,2021,REG,3,DET,BAL,Dan Campbell,John Harbaugh,dome,17,19,-2,away
2021_03_CAR_HOU,2021,REG,3,HOU,CAR,David Culley,Matt Rhule,closed,9,24,-15,away
2021_03_CHI_CLE,2021,REG,3,CLE,CHI,Kevin Stefanski,Matt Nagy,outdoors,26,6,20,home
2021_03_CIN_PIT,2021,REG,3,PIT,CIN,Mike Tomlin,Zac Taylor,outdoors,10,24,-14,away
2021_03_GB_SF,2021,REG,3,SF,GB,Kyle Shanahan,Matt LaFleur,outdoors,28,30,-2,away
2021_03_IND_TEN,2021,REG,3,TEN,IND,Mike Vrabel,Frank Reich,outdoors,25,16,9,home
2021_03_LAC_KC,2021,REG,3,KC,LAC,Andy Reid,Brandon Staley,outdoors,24,30,-6,away
2021_03_MIA_LV,2021,REG,3,LV,MIA,Jon Gruden,Brian Flores,dome,31,28,3,home
2021_03_NO_NE,2021,REG,3,NE,NO,Bill Belichick,Sean Payton,outdoors,13,28,-15,away
2021_03_NYJ_DEN,2021,REG,3,DEN,NYJ,Vic Fangio,Robert Saleh,outdoors,26,0,26,home
2021_03_PHI_DAL,2021,REG,3,DAL,PHI,Mike McCarthy,Nick Sirianni,open,41,21,20,home
2021_03_SEA_MIN,2021,REG,3,MIN,SEA,Mike Zimmer,Pete Carroll,dome,30,17,13,home
2021_03_TB_LA,2021,REG,3,LA,TB,Sean McVay,Bruce Arians,dome,34,24,10,home
2021_03_WAS_BUF,2021,REG,3,BUF,WAS,Sean McDermott,Ron Rivera,outdoors,43,21,22,home
2021_04_ARI_LA,2021,REG,4,LA,ARI,Sean McVay,Kliff Kingsbury,dome,20,37,-17,away
2021_04_BAL_DEN,2021,REG,4,DEN,BAL,Vic Fangio,John Harbaugh,outdoors,7,23,-16,away
2021_04_CAR_DAL,2021,REG,4,DAL,CAR,Mike McCarthy,Matt Rhule,closed,36,28,8,home
2021_04_CLE_MIN,2021,REG,4,MIN,CLE,Mike Zimmer,Kevin Stefanski,dome,7,14,-7,away
2021_04_DET_CHI,2021,REG,4,CHI,DET,Matt Nagy,Dan Campbell,outdoors,24,14,10,home
2021_04_HOU_BUF,2021,REG,4,BUF,HOU,Sean McDermott,David Culley,outdoors,40,0,40,home
2021_04_IND_MIA,2021,REG,4,MIA,IND,Brian Flores,Frank Reich,outdoors,17,27,-10,away
2021_04_JAX_CIN,2021,REG,4,CIN,JAX,Zac Taylor,Urban Meyer,outdoors,24,21,3,home
2021_04_KC_PHI,2021,REG,4,PHI,KC,Nick Sirianni,Andy Reid,outdoors,30,42,-12,away
2021_04_LV_LAC,2021,REG,4,LAC,LV,Brandon Staley,Jon Gruden,dome,28,14,14,home
2021_04_NYG_NO,2021,REG,4,NO,NYG,Sean Payton,Joe Judge,dome,21,27,-6,away
2021_04_PIT_GB,2021,REG,4,GB,PIT,Matt LaFleur,Mike Tomlin,outdoors,27,17,10,home
2021_04_SEA_SF,2021,REG,4,SF,SEA,Kyle Shanahan,Pete Carroll,outdoors,21,28,-7,away
2021_04_TB_NE,2021,REG,4,NE,TB,Bill Belichick,Bruce Arians,outdoors,17,19,-2,away
2021_04_TEN_NYJ,2021,REG,4,NYJ,TEN,Robert Saleh,Mike Vrabel,outdoors,27,24,3,home
2021_04_WAS_ATL,2021,REG,4,ATL,WAS,Arthur Smith,Ron Rivera,open,30,34,-4,away
2021_05_BUF_KC,2021,REG,5,KC,BUF,Andy Reid,Sean McDermott,outdoors,20,38,-18,away
2021_05_CHI_LV,2021,REG,5,LV,CHI,Jon Gruden,Matt Nagy,dome,9,20,-11,away
2021_05_CLE_LAC,2021,REG,5,LAC,CLE,Brandon Staley,Kevin Stefanski,dome,47,42,5,home
2021_05_DEN_PIT,2021,REG,5,PIT,DEN,Mike Tomlin,Vic Fangio,outdoors,27,19,8,home
2021_05_DET_MIN,2021,REG,5,MIN,DET,Mike Zimmer,Dan Campbell,dome,19,17,2,home
2021_05_GB_CIN,2021,REG,5,CIN,GB,Zac Taylor,Matt LaFleur,outdoors,22,25,-3,away
2021_05_IND_BAL,2021,REG,5,BAL,IND,John Harbaugh,Frank Reich,outdoors,31,25,6,home
2021_05_LA_SEA,2021,REG,5,SEA,LA,Pete Carroll,Sean McVay,outdoors,17,26,-9,away
2021_05_MIA_TB,2021,REG,5,TB,MIA,Bruce Arians,Brian Flores,outdoors,45,17,28,home
2021_05_NE_HOU,2021,REG,5,HOU,NE,David Culley,Bill Belichick,closed,22,25,-3,away
2021_05_NO_WAS,2021,REG,5,WAS,NO,Ron Rivera,Sean Payton,outdoors,22,33,-11,away
2021_05_NYG_DAL,2021,REG,5,DAL,NYG,Mike McCarthy,Joe Judge,closed,44,20,24,home
2021_05_NYJ_ATL,2021,REG,5,ATL,NYJ,Arthur Smith,Robert Saleh,outdoors,27,20,7,home
2021_05_PHI_CAR,2021,REG,5,CAR,PHI,Matt Rhule,Nick Sirianni,outdoors,18,21,-3,away
2021_05_SF_ARI,2021,REG,5,ARI,SF,Kliff Kingsbury,Kyle Shanahan,closed,17,10,7,home
2021_05_TEN_JAX,2021,REG,5,JAX,TEN,Urban Meyer,Mike Vrabel,outdoors,19,37,-18,away
2021_06_ARI_CLE,2021,REG,6,CLE,ARI,Kevin Stefanski,Kliff Kingsbury,outdoors,14,37,-23,away
2021_06_BUF_TEN,2021,REG,6,TEN,BUF,Mike Vrabel,Sean McDermott,outdoors,34,31,3,home
2021_06_CIN_DET,2021,REG,6,DET,CIN,Dan Campbell,Zac Taylor,dome,11,34,-23,away
2021_06_DAL_NE,2021,REG,6,NE,DAL,Bill Belichick,Mike McCarthy,outdoors,29,35,-6,away
2021_06_GB_CHI,2021,REG,6,CHI,GB,Matt Nagy,Matt LaFleur,outdoors,14,24,-10,away
2021_06_HOU_IND,2021,REG,6,IND,HOU,Frank Reich,David Culley,open,31,3,28,home
2021_06_KC_WAS,2021,REG,6,WAS,KC,Ron Rivera,Andy Reid,outdoors,13,31,-18,away
2021_06_LAC_BAL,2021,REG,6,BAL,LAC,John Harbaugh,Brandon Staley,outdoors,34,6,28,home
2021_06_LA_NYG,2021,REG,6,NYG,LA,Joe Judge,Sean McVay,outdoors,11,38,-27,away
2021_06_LV_DEN,2021,REG,6,DEN,LV,Vic Fangio,Rich Bisaccia,outdoors,24,34,-10,away
2021_06_MIA_JAX,2021,REG,6,JAX,MIA,Urban Meyer,Brian Flores,outdoors,23,20,3,home
2021_06_MIN_CAR,2021,REG,6,CAR,MIN,Matt Rhule,Mike Zimmer,outdoors,28,34,-6,away
2021_06_SEA_PIT,2021,REG,6,PIT,SEA,Mike Tomlin,Pete Carroll,outdoors,23,20,3,home
2021_06_TB_PHI,2021,REG,6,PHI,TB,Nick Sirianni,Bruce Arians,outdoors,22,28,-6,away
2021_07_ATL_MIA,2021,REG,7,MIA,ATL,Brian Flores,Arthur Smith,outdoors,28,30,-2,away
2021_07_CAR_NYG,2021,REG,7,NYG,CAR,Joe Judge,Matt Rhule,outdoors,25,3,22,home
2021_07_CHI_TB,2021,REG,7,TB,CHI,Bruce Arians,Matt Nagy,outdoors,38,3,35,home
2021_07_CIN_BAL,2021,REG,7,BAL,CIN,John Harbaugh,Zac Taylor,outdoors,17,41,-24,away
2021_07_DEN_CLE,2021,REG,7,CLE,DEN,Kevin Stefanski,Vic Fangio,outdoors,17,14,3,home
2021_07_DET_LA,2021,REG,7,LA,DET,Sean McVay,Dan Campbell,dome,28,19,9,home
2021_07_HOU_ARI,2021,REG,7,ARI,HOU,Kliff Kingsbury,David Culley,closed,31,5,26,home
2021_07_IND_SF,2021,REG,7,SF,IND,Kyle Shanahan,Frank Reich,outdoors,18,30,-12,away
2021_07_KC_TEN,2021,REG,7,TEN,KC,Mike Vrabel,Andy Reid,outdoors,27,3,24,home
2021_07_NO_SEA,2021,REG,7,SEA,NO,Pete Carroll,Sean Payton,outdoors,10,13,-3,away
2021_07_NYJ_NE,2021,REG,7,NE,NYJ,Bill Belichick,Robert Saleh,outdoors,54,13,41,home
2021_07_PHI_LV,2021,REG,7,LV,PHI,Rich Bisaccia,Nick Sirianni,dome,33,22,11,home
2021_07_WAS_GB,2021,REG,7,GB,WAS,Matt LaFleur,Ron Rivera,outdoors,24,10,14,home
2021_08_CAR_ATL,2021,REG,8,ATL,CAR,Arthur Smith,Matt Rhule,open,13,19,-6,away
2021_08_CIN_NYJ,2021,REG,8,NYJ,CIN,Robert Saleh,Zac Taylor,outdoors,34,31,3,home
2021_08_DAL_MIN,2021,REG,8,MIN,DAL,Mike Zimmer,Mike McCarthy,dome,16,20,-4,away
2021_08_GB_ARI,2021,REG,8,ARI,GB,Kliff Kingsbury,Matt LaFleur,open,21,24,-3,away
2021_08_JAX_SEA,2021,REG,8,SEA,JAX,Pete Carroll,Urban Meyer,outdoors,31,7,24,home
2021_08_LA_HOU,2021,REG,8,HOU,LA,David Culley,Sean McVay,closed,22,38,-16,away
2021_08_MIA_BUF,2021,REG,8,BUF,MIA,Sean McDermott,Brian Flores,outdoors,26,11,15,home
2021_08_NE_LAC,2021,REG,8,LAC,NE,Brandon Staley,Bill Belichick,dome,24,27,-3,away
2021_08_NYG_KC,2021,REG,8,KC,NYG,Andy Reid,Joe Judge,outdoors,20,17,3,home
2021_08_PHI_DET,2021,REG,8,DET,PHI,Dan Campbell,Nick Sirianni,dome,6,44,-38,away
2021_08_PIT_CLE,2021,REG,8,CLE,PIT,Kevin Stefanski,Mike Tomlin,outdoors,10,15,-5,away
2021_08_SF_CHI,2021,REG,8,CHI,SF,Matt Nagy,Kyle Shanahan,outdoors,22,33,-11,away
2021_08_TB_NO,2021,REG,8,NO,TB,Sean Payton,Bruce Arians,dome,36,27,9,home
2021_08_TEN_IND,2021,REG,8,IND,TEN,Frank Reich,Mike Vrabel,open,31,34,-3,away
2021_08_WAS_DEN,2021,REG,8,DEN,WAS,Vic Fangio,Ron Rivera,outdoors,17,10,7,home
2021_09_ARI_SF,2021,REG,9,SF,ARI,Kyle Shanahan,Kliff Kingsbury,outdoors,17,31,-14,away
2021_09_ATL_NO,2021,REG,9,NO,ATL,Sean Payton,Arthur Smith,dome,25,27,-2,away
2021_09_BUF_JAX,2021,REG,9,JAX,BUF,Urban Meyer,Sean McDermott,outdoors,9,6,3,home
2021_09_CHI_PIT,2021,REG,9,PIT,CHI,Mike Tomlin,Matt Nagy,outdoors,29,27,2,home
2021_09_CLE_CIN,2021,REG,9,CIN,CLE,Zac Taylor,Kevin Stefanski,outdoors,16,41,-25,away
2021_09_DEN_DAL,2021,REG,9,DAL,DEN,Mike McCarthy,Vic Fangio,closed,16,30,-14,away
2021_09_GB_KC,2021,REG,9,KC,GB,Andy Reid,Matt LaFleur,outdoors,13,7,6,home
2021_09_HOU_MIA,2021,REG,9,MIA,HOU,Brian Flores,David Culley,outdoors,17,9,8,home
2021_09_LAC_PHI,2021,REG,9,PHI,LAC,Nick Sirianni,Brandon Staley,outdoors,24,27,-3,away
2021_09_LV_NYG,2021,REG,9,NYG,LV,Joe Judge,Rich Bisaccia,outdoors,23,16,7,home
2021_09_MIN_BAL,2021,REG,9,BAL,MIN,John Harbaugh,Mike Zimmer,outdoors,34,31,3,home
2021_09_NE_CAR,2021,REG,9,CAR,NE,Matt Rhule,Bill Belichick,outdoors,6,24,-18,away
2021_09_NYJ_IND,2021,REG,9,IND,NYJ,Frank Reich,Robert Saleh,closed,45,30,15,home
2021_09_TEN_LA,2021,REG,9,LA,TEN,Sean McVay,Mike Vrabel,dome,16,28,-12,away
2021_10_ATL_DAL,2021,REG,10,DAL,ATL,Mike McCarthy,Arthur Smith,closed,43,3,40,home
2021_10_BAL_MIA,2021,REG,10,MIA,BAL,Brian Flores,John Harbaugh,outdoors,22,10,12,home
2021_10_BUF_NYJ,2021,REG,10,NYJ,BUF,Robert Saleh,Sean McDermott,outdoors,17,45,-28,away
2021_10_CAR_ARI,2021,REG,10,ARI,CAR,Kliff Kingsbury,Matt Rhule,closed,10,34,-24,away
2021_10_CLE_NE,2021,REG,10,NE,CLE,Bill Belichick,Kevin Stefanski,outdoors,45,7,38,home
2021_10_DET_PIT,2021,REG,10,PIT,DET,Mike Tomlin,Dan Campbell,outdoors,16,16,0,tie
2021_10_JAX_IND,2021,REG,10,IND,JAX,Frank Reich,Urban Meyer,closed,23,17,6,home
2021_10_KC_LV,2021,REG,10,LV,KC,Rich Bisaccia,Andy Reid,dome,14,41,-27,away
2021_10_LA_SF,2021,REG,10,SF,LA,Kyle Shanahan,Sean McVay,outdoors,31,10,21,home
2021_10_MIN_LAC,2021,REG,10,LAC,MIN,Brandon Staley,Mike Zimmer,dome,20,27,-7,away
2021_10_NO_TEN,2021,REG,10,TEN,NO,Mike Vrabel,Sean Payton,outdoors,23,21,2,home
2021_10_PHI_DEN,2021,REG,10,DEN,PHI,Vic Fangio,Nick Sirianni,outdoors,13,30,-17,away
2021_10_SEA_GB,2021,REG,10,GB,SEA,Matt LaFleur,Pete Carroll,outdoors,17,0,17,home
2021_10_TB_WAS,2021,REG,10,WAS,TB,Ron Rivera,Bruce Arians,outdoors,29,19,10,home
2021_11_ARI_SEA,2021,REG,11,SEA,ARI,Pete Carroll,Kliff Kingsbury,outdoors,13,23,-10,away
2021_11_BAL_CHI,2021,REG,11,CHI,BAL,Matt Nagy,John Harbaugh,outdoors,13,16,-3,away
2021_11_CIN_LV,2021,REG,11,LV,CIN,Rich Bisaccia,Zac Taylor,dome,13,32,-19,away
2021_11_DAL_KC,2021,REG,11,KC,DAL,Andy Reid,Mike McCarthy,outdoors,19,9,10,home
2021_11_DET_CLE,2021,REG,11,CLE,DET,Kevin Stefanski,Dan Campbell,outdoors,13,10,3,home
2021_11_GB_MIN,2021,REG,11,MIN,GB,Mike Zimmer,Matt LaFleur,dome,34,31,3,home
2021_11_HOU_TEN,2021,REG,11,TEN,HOU,Mike Vrabel,David Culley,outdoors,13,22,-9,away
2021_11_IND_BUF,2021,REG,11,BUF,IND,Sean McDermott,Frank Reich,outdoors,15,41,-26,away
2021_11_MIA_NYJ,2021,REG,11,NYJ,MIA,Robert Saleh,Brian Flores,outdoors,17,24,-7,away
2021_11_NE_ATL,2021,REG,11,ATL,NE,Arthur Smith,Bill Belichick,closed,0,25,-25,away
2021_11_NO_PHI,2021,REG,11,PHI,NO,Nick Sirianni,Sean Payton,outdoors,40,29,11,home
2021_11_NYG_TB,2021,REG,11,TB,NYG,Bruce Arians,Joe Judge,outdoors,30,10,20,home
2021_11_PIT_LAC,2021,REG,11,LAC,PIT,Brandon Staley,Mike Tomlin,dome,41,37,4,home
2021_11_SF_JAX,2021,REG,11,JAX,SF,Urban Meyer,Kyle Shanahan,outdoors,10,30,-20,away
2021_11_WAS_CAR,2021,REG,11,CAR,WAS,Matt Rhule,Ron Rivera,outdoors,21,27,-6,away
2021_12_ATL_JAX,2021,REG,12,JAX,ATL,Urban Meyer,Arthur Smith,outdoors,14,21,-7,away
2021_12_BUF_NO,2021,REG,12,NO,BUF,Sean Payton,Sean McDermott,dome,6,31,-25,away
2021_12_CAR_MIA,2021,REG,12,MIA,CAR,Brian Flores,Matt Rhule,outdoors,33,10,23,home
2021_12_CHI_DET,2021,REG,12,DET,CHI,Dan Campbell,Matt Nagy,dome,14,16,-2,away
2021_12_CLE_BAL,2021,REG,12,BAL,CLE,John Harbaugh,Kevin Stefanski,outdoors,16,10,6,home
2021_12_LAC_DEN,2021,REG,12,DEN,LAC,Vic Fangio,Brandon Staley,outdoors,28,13,15,home
2021_12_LA_GB,2021,REG,12,GB,LA,Matt LaFleur,Sean McVay,outdoors,36,28,8,home
2021_12_LV_DAL,2021,REG,12,DAL,LV,Mike McCarthy,Rich Bisaccia,closed,33,36,-3,away
2021_12_MIN_SF,2021,REG,12,SF,MIN,Kyle Shanahan,Mike Zimmer,outdoors,34,26,8,home
2021_12_NYJ_HOU,2021,REG,12,HOU,NYJ,David Culley,Robert Saleh,closed,14,21,-7,away
2021_12_PHI_NYG,2021,REG,12,NYG,PHI,Joe Judge,Nick Sirianni,outdoors,13,7,6,home
2021_12_PIT_CIN,2021,REG,12,CIN,PIT,Zac Taylor,Mike Tomlin,outdoors,41,10,31,home
2021_12_SEA_WAS,2021,REG,12,WAS,SEA,Ron Rivera,Pete Carroll,outdoors,17,15,2,home
2021_12_TB_IND,2021,REG,12,IND,TB,Frank Reich,Bruce Arians,closed,31,38,-7,away
2021_12_TEN_NE,2021,REG,12,NE,TEN,Bill Belichick,Mike Vrabel,outdoors,36,13,23,home
2021_13_ARI_CHI,2021,REG,13,CHI,ARI,Matt Nagy,Kliff Kingsbury,outdoors,22,33,-11,away
2021_13_BAL_PIT,2021,REG,13,PIT,BAL,Mike Tomlin,John Harbaugh,outdoors,20,19,1,home
2021_13_DAL_NO,2021,REG,13,NO,DAL,Sean Payton,Mike McCarthy,dome,17,27,-10,away
2021_13_DEN_KC,2021,REG,13,KC,DEN,Andy Reid,Vic Fangio,outdoors,22,9,13,home
2021_13_IND_HOU,2021,REG,13,HOU,IND,David Culley,Frank Reich,closed,0,31,-31,away
2021_13_JAX_LA,2021,REG,13,LA,JAX,Sean McVay,Urban Meyer,dome,37,7,30,home
2021_13_LAC_CIN,2021,REG,13,CIN,LAC,Zac Taylor,Brandon Staley,outdoors,22,41,-19,away
2021_13_MIN_DET,2021,REG,13,DET,MIN,Dan Campbell,Mike Zimmer,dome,29,27,2,home
2021_13_NE_BUF,2021,REG,13,BUF,NE,Sean McDermott,Bill Belichick,outdoors,10,14,-4,away
2021_13_NYG_MIA,2021,REG,13,MIA,NYG,Brian Flores,Joe Judge,outdoors,20,9,11,home
2021_13_PHI_NYJ,2021,REG,13,NYJ,PHI,Robert Saleh,Nick Sirianni,outdoors,18,33,-15,away
2021_13_SF_SEA,2021,REG,13,SEA,SF,Pete Carroll,Kyle Shanahan,outdoors,30,23,7,home
2021_13_TB_ATL,2021,REG,13,ATL,TB,Arthur Smith,Bruce Arians,closed,17,30,-13,away
2021_13_WAS_LV,2021,REG,13,LV,WAS,Rich Bisaccia,Ron Rivera,dome,15,17,-2,away
2021_14_ATL_CAR,2021,REG,14,CAR,ATL,Matt Rhule,Arthur Smith,outdoors,21,29,-8,away
2021_14_BAL_CLE,2021,REG,14,CLE,BAL,Kevin Stefanski,John Harbaugh,outdoors,24,22,2,home
2021_14_BUF_TB,2021,REG,14,TB,BUF,Bruce Arians,Sean McDermott,outdoors,33,27,6,home
2021_14_CHI_GB,2021,REG,14,GB,CHI,Matt LaFleur,Matt Nagy,outdoors,45,30,15,home
2021_14_DAL_WAS,2021,REG,14,WAS,DAL,Ron Rivera,Mike McCarthy,outdoors,20,27,-7,away
2021_14_DET_DEN,2021,REG,14,DEN,DET,Vic Fangio,Dan Campbell,outdoors,38,10,28,home
2021_14_JAX_TEN,2021,REG,14,TEN,JAX,Mike Vrabel,Urban Meyer,outdoors,20,0,20,home
2021_14_LA_ARI,2021,REG,14,ARI,LA,Kliff Kingsbury,Sean McVay,open,23,30,-7,away
2021_14_LV_KC,2021,REG,14,KC,LV,Andy Reid,Rich Bisaccia,outdoors,48,9,39,home
2021_14_NO_NYJ,2021,REG,14,NYJ,NO,Robert Saleh,Sean Payton,outdoors,9,30,-21,away
2021_14_NYG_LAC,2021,REG,14,LAC,NYG,Brandon Staley,Joe Judge,dome,37,21,16,home
2021_14_PIT_MIN,2021,REG,14,MIN,PIT,Mike Zimmer,Mike Tomlin,dome,36,28,8,home
2021_14_SEA_HOU,2021,REG,14,HOU,SEA,David Culley,Pete Carroll,open,13,33,-20,away
2021_14_SF_CIN,2021,REG,14,CIN,SF,Zac Taylor,Kyle Shanahan,outdoors,23,26,-3,away
2021_15_ARI_DET,2021,REG,15,DET,ARI,Dan Campbell,Kliff Kingsbury,dome,30,12,18,home
2021_15_ATL_SF,2021,REG,15,SF,ATL,Kyle Shanahan,Arthur Smith,outdoors,31,13,18,home
2021_15_CAR_BUF,2021,REG,15,BUF,CAR,Sean McDermott,Matt Rhule,outdoors,31,14,17,home
2021_15_CIN_DEN,2021,REG,15,DEN,CIN,Vic Fangio,Zac Taylor,outdoors,10,15,-5,away
2021_15_DAL_NYG,2021,REG,15,NYG,DAL,Joe Judge,Mike McCarthy,outdoors,6,21,-15,away
2021_15_GB_BAL,2021,REG,15,BAL,GB,John Harbaugh,Matt LaFleur,outdoors,30,31,-1,away
2021_15_HOU_JAX,2021,REG,15,JAX,HOU,Darrell Bevell,David Culley,outdoors,16,30,-14,away
2021_15_KC_LAC,2021,REG,15,LAC,KC,Brandon Staley,Andy Reid,dome,28,34,-6,away
2021_15_LV_CLE,2021,REG,15,CLE,LV,Kevin Stefanski,Rich Bisaccia,outdoors,14,16,-2,away
2021_15_MIN_CHI,2021,REG,15,CHI,MIN,Matt Nagy,Mike Zimmer,outdoors,9,17,-8,away
2021_15_NE_IND,2021,REG,15,IND,NE,Frank Reich,Bill Belichick,closed,27,17,10,home
2021_15_NO_TB,2021,REG,15,TB,NO,Bruce Arians,Sean Payton,outdoors,0,9,-9,away
2021_15_NYJ_MIA,2021,REG,15,MIA,NYJ,Brian Flores,Robert Saleh,outdoors,31,24,7,home
2021_15_SEA_LA,2021,REG,15,LA,SEA,Sean McVay,Pete Carroll,dome,20,10,10,home
2021_15_TEN_PIT,2021,REG,15,PIT,TEN,Mike Tomlin,Mike Vrabel,outdoors,19,13,6,home
2021_15_WAS_PHI,2021,REG,15,PHI,WAS,Nick Sirianni,Ron Rivera,outdoors,27,17,10,home
2021_16_BAL_CIN,2021,REG,16,CIN,BAL,Zac Taylor,John Harbaugh,outdoors,41,21,20,home
2021_16_BUF_NE,2021,REG,16,NE,BUF,Bill Belichick,Sean McDermott,outdoors,21,33,-12,away
2021_16_CHI_SEA,2021,REG,16,SEA,CHI,Pete Carroll,Matt Nagy,outdoors,24,25,-1,away
2021_16_CLE_GB,2021,REG,16,GB,CLE,Matt LaFleur,Kevin Stefanski,outdoors,24,22,2,home
2021_16_DEN_LV,2021,REG,16,LV,DEN,Rich Bisaccia,Vic Fangio,dome,17,13,4,home
2021_16_DET_ATL,2021,REG,16,ATL,DET,Arthur Smith,Dan Campbell,open,20,16,4,home
2021_16_IND_ARI,2021,REG,16,ARI,IND,Kliff Kingsbury,Frank Reich,closed,16,22,-6,away
2021_16_JAX_NYJ,2021,REG,16,NYJ,JAX,Robert Saleh,Darrell Bevell,outdoors,26,21,5,home
2021_16_LAC_HOU,2021,REG,16,HOU,LAC,David Culley,Brandon Staley,closed,41,29,12,home
2021_16_LA_MIN,2021,REG,16,MIN,LA,Mike Zimmer,Sean McVay,dome,23,30,-7,away
2021_16_MIA_NO,2021,REG,16,NO,MIA,Sean Payton,Brian Flores,dome,3,20,-17,away
2021_16_NYG_PHI,2021,REG,16,PHI,NYG,Nick Sirianni,Joe Judge,outdoors,34,10,24,home
2021_16_PIT_KC,2021,REG,16,KC,PIT,Andy Reid,Mike Tomlin,outdoors,36,10,26,home
2021_16_SF_TEN,2021,REG,16,TEN,SF,Mike Vrabel,Kyle Shanahan,outdoors,20,17,3,home
2021_16_TB_CAR,2021,REG,16,CAR,TB,Matt Rhule,Bruce Arians,outdoors,6,32,-26,away
2021_16_WAS_DAL,2021,REG,16,DAL,WAS,Mike McCarthy,Ron Rivera,closed,56,14,42,home
2021_17_ARI_DAL,2021,REG,17,DAL,ARI,Mike McCarthy,Kliff Kingsbury,closed,22,25,-3,away
2021_17_ATL_BUF,2021,REG,17,BUF,ATL,Sean McDermott,Arthur Smith,outdoors,29,15,14,home
2021_17_CAR_NO,2021,REG,17,NO,CAR,Sean Payton,Matt Rhule,dome,18,10,8,home
2021_17_CLE_PIT,2021,REG,17,PIT,CLE,Mike Tomlin,Kevin Stefanski,outdoors,26,14,12,home
2021_17_DEN_LAC,2021,REG,17,LAC,DEN,Brandon Staley,Vic Fangio,dome,34,13,21,home
2021_17_DET_SEA,2021,REG,17,SEA,DET,Pete Carroll,Dan Campbell,outdoors,51,29,22,home
2021_17_HOU_SF,2021,REG,17,SF,HOU,Kyle Shanahan,David Culley,outdoors,23,7,16,home
2021_17_JAX_NE,2021,REG,17,NE,JAX,Bill Belichick,Darrell Bevell,outdoors,50,10,40,home
2021_17_KC_CIN,2021,REG,17,CIN,KC,Zac Taylor,Andy Reid,outdoors,34,31,3,home
2021_17_LA_BAL,2021,REG,17,BAL,LA,John Harbaugh,Sean McVay,outdoors,19,20,-1,away
2021_17_LV_IND,2021,REG,17,IND,LV,Frank Reich,Rich Bisaccia,closed,20,23,-3,away
2021_17_MIA_TEN,2021,REG,17,TEN,MIA,Mike Vrabel,Brian Flores,outdoors,34,3,31,home
2021_17_MIN_GB,2021,REG,17,GB,MIN,Matt LaFleur,Mike Zimmer,outdoors,37,10,27,home
2021_17_NYG_CHI,2021,REG,17,CHI,NYG,Matt Nagy,Joe Judge,outdoors,29,3,26,home
2021_17_PHI_WAS,2021,REG,17,WAS,PHI,Ron Rivera,Nick Sirianni,outdoors,16,20,-4,away
2021_17_TB_NYJ,2021,REG,17,NYJ,TB,Robert Saleh,Bruce Arians,outdoors,24,28,-4,away
2021_18_CAR_TB,2021,REG,18,TB,CAR,Bruce Arians,Matt Rhule,outdoors,41,17,24,home
2021_18_CHI_MIN,2021,REG,18,MIN,CHI,Mike Zimmer,Matt Nagy,dome,31,17,14,home
2021_18_CIN_CLE,2021,REG,18,CLE,CIN,Kevin Stefanski,Zac Taylor,outdoors,21,16,5,home
2021_18_DAL_PHI,2021,REG,18,PHI,DAL,Nick Sirianni,Mike McCarthy,outdoors,26,51,-25,away
2021_18_GB_DET,2021,REG,18,DET,GB,Dan Campbell,Matt LaFleur,dome,37,30,7,home
2021_18_IND_JAX,2021,REG,18,JAX,IND,Darrell Bevell,Frank Reich,outdoors,26,11,15,home
2021_18_KC_DEN,2021,REG,18,DEN,KC,Vic Fangio,Andy Reid,outdoors,24,28,-4,away
2021_18_LAC_LV,2021,REG,18,LV,LAC,Rich Bisaccia,Brandon Staley,dome,35,32,3,home
2021_18_NE_MIA,2021,REG,18,MIA,NE,Brian Flores,Bill Belichick,outdoors,33,24,9,home
2021_18_NO_ATL,2021,REG,18,ATL,NO,Arthur Smith,Sean Payton,closed,20,30,-10,away
2021_18_NYJ_BUF,2021,REG,18,BUF,NYJ,Sean McDermott,Robert Saleh,outdoors,27,10,17,home
2021_18_PIT_BAL,2021,REG,18,BAL,PIT,John Harbaugh,Mike Tomlin,outdoors,13,16,-3,away
2021_18_SEA_ARI,2021,REG,18,ARI,SEA,Kliff Kingsbury,Pete Carroll,open,30,38,-8,away
2021_18_SF_LA,2021,REG,18,LA,SF,Sean McVay,Kyle Shanahan,dome,24,27,-3,away
2021_18_TEN_HOU,2021,REG,18,HOU,TEN,David Culley,Mike Vrabel,closed,25,28,-3,away
2021_18_WAS_NYG,2021,REG,18,NYG,WAS,Joe Judge,Ron Rivera,outdoors,7,22,-15,away
2021_19_ARI_LA,2021,POST,19,LA,ARI,Sean McVay,Kliff Kingsbury,dome,34,11,23,home
2021_19_LV_CIN,2021,POST,19,CIN,LV,Zac Taylor,Rich Bisaccia,outdoors,26,19,7,home
2021_19_NE_BUF,2021,POST,19,BUF,NE,Sean McDermott,Bill Belichick,outdoors,47,17,30,home
2021_19_PHI_TB,2021,POST,19,TB,PHI,Bruce Arians,Nick Sirianni,outdoors,31,15,16,home
2021_19_PIT_KC,2021,POST,19,KC,PIT,Andy Reid,Mike Tomlin,outdoors,42,21,21,home
2021_19_SF_DAL,2021,POST,19,DAL,SF,Mike McCarthy,Kyle Shanahan,closed,17,23,-6,away
2021_20_BUF_KC,2021,POST,20,KC,BUF,Andy Reid,Sean McDermott,outdoors,42,36,6,home
2021_20_CIN_TEN,2021,POST,20,TEN,CIN,Mike Vrabel,Zac Taylor,outdoors,16,19,-3,away
2021_20_LA_TB,2021,POST,20,TB,LA,Bruce Arians,Sean McVay,outdoors,27,30,-3,away
2021_20_SF_GB,2021,POST,20,GB,SF,Matt LaFleur,Kyle Shanahan,outdoors,10,13,-3,away
2021_21_CIN_KC,2021,POST,21,KC,CIN,Andy Reid,Zac Taylor,outdoors,24,27,-3,away
2021_21_SF_LA,2021,POST,21,LA,SF,Sean McVay,Kyle Shanahan,dome,20,17,3,home
2021_22_LA_CIN,2021,POST,22,CIN,LA,Zac Taylor,Sean McVay,dome,20,23,-3,away
2022_01_BAL_NYJ,2022,REG,1,NYJ,BAL,Robert Saleh,John Harbaugh,outdoors,9,24,-15,away
2022_01_BUF_LA,2022,REG,1,LA,BUF,Sean McVay,Sean McDermott,dome,10,31,-21,away
2022_01_CLE_CAR,2022,REG,1,CAR,CLE,Matt Rhule,Kevin Stefanski,outdoors,24,26,-2,away
2022_01_DEN_SEA,2022,REG,1,SEA,DEN,Pete Carroll,Nathaniel Hackett,outdoors,17,16,1,home
2022_01_GB_MIN,2022,REG,1,MIN,GB,Kevin O'Connell,Matt LaFleur,dome,23,7,16,home
2022_01_IND_HOU,2022,REG,1,HOU,IND,Lovie Smith,Frank Reich,closed,20,20,0,tie
2022_01_JAX_WAS,2022,REG,1,WAS,JAX,Ron Rivera,Doug Pederson,outdoors,28,22,6,home
2022_01_KC_ARI,2022,REG,1,ARI,KC,Kliff Kingsbury,Andy Reid,closed,21,44,-23,away
2022_01_LV_LAC,2022,REG,1,LAC,LV,Brandon Staley,Josh McDaniels,dome,24,19,5,home
2022_01_NE_MIA,2022,REG,1,MIA,NE,Mike McDaniel,Bill Belichick,outdoors,20,7,13,home
2022_01_NO_ATL,2022,REG,1,ATL,NO,Arthur Smith,Dennis Allen,closed,26,27,-1,away
2022_01_NYG_TEN,2022,REG,1,TEN,NYG,Mike Vrabel,Brian Daboll,outdoors,20,21,-1,away
2022_01_PHI_DET,2022,REG,1,DET,PHI,Dan Campbell,Nick Sirianni,dome,35,38,-3,away
2022_01_PIT_CIN,2022,REG,1,CIN,PIT,Zac Taylor,Mike Tomlin,outdoors,20,23,-3,away
2022_01_SF_CHI,2022,REG,1,CHI,SF,Matt Eberflus,Kyle Shanahan,outdoors,19,10,9,home
2022_01_TB_DAL,2022,REG,1,DAL,TB,Mike McCarthy,Todd Bowles,closed,3,19,-16,away
2022_02_ARI_LV,2022,REG,2,LV,ARI,Josh McDaniels,Kliff Kingsbury,dome,23,29,-6,away
2022_02_ATL_LA,2022,REG,2,LA,ATL,Sean McVay,Arthur Smith,dome,31,27,4,home
2022_02_CAR_NYG,2022,REG,2,NYG,CAR,Brian Daboll,Matt Rhule,outdoors,19,16,3,home
2022_02_CHI_GB,2022,REG,2,GB,CHI,Matt LaFleur,Matt Eberflus,outdoors,27,10,17,home
2022_02_CIN_DAL,2022,REG,2,DAL,CIN,Mike McCarthy,Zac Taylor,closed,20,17,3,home
2022_02_HOU_DEN,2022,REG,2,DEN,HOU,Nathaniel Hackett,Lovie Smith,outdoors,16,9,7,home
2022_02_IND_JAX,2022,REG,2,JAX,IND,Doug Pederson,Frank Reich,outdoors,24,0,24,home
2022_02_LAC_KC,2022,REG,2,KC,LAC,Andy Reid,Brandon Staley,outdoors,27,24,3,home
2022_02_MIA_BAL,2022,REG,2,BAL,MIA,John Harbaugh,Mike McDaniel,outdoors,38,42,-4,away
2022_02_MIN_PHI,2022,REG,2,PHI,MIN,Nick Sirianni,Kevin O'Connell,outdoors,24,7,17,home
2022_02_NE_PIT,2022,REG,2,PIT,NE,Mike Tomlin,Bill Belichick,outdoors,14,17,-3,away
2022_02_NYJ_CLE,2022,REG,2,CLE,NYJ,Kevin Stefanski,Robert Saleh,outdoors,30,31,-1,away
2022_02_SEA_SF,2022,REG,2,SF,SEA,Kyle Shanahan,Pete Carroll,outdoors,27,7,20,home
2022_02_TB_NO,2022,REG,2,NO,TB,Dennis Allen,Todd Bowles,dome,10,20,-10,away
2022_02_TEN_BUF,2022,REG,2,BUF,TEN,Sean McDermott,Mike Vrabel,outdoors,41,7,34,home
2022_02_WAS_DET,2022,REG,2,DET,WAS,Dan Campbell,Ron Rivera,dome,36,27,9,home
2022_03_ATL_SEA,2022,REG,3,SEA,ATL,Pete Carroll,Arthur Smith,outdoors,23,27,-4,away
2022_03_BAL_NE,2022,REG,3,NE,BAL,Bill Belichick,John Harbaugh,outdoors,26,37,-11,away
2022_03_BUF_MIA,2022,REG,3,MIA,BUF,Mike McDaniel,Sean McDermott,outdoors,21,19,2,home
2022_03_CIN_NYJ,2022,REG,3,NYJ,CIN,Robert Saleh,Zac Taylor,outdoors,12,27,-15,away
2022_03_DAL_NYG,2022,REG,3,NYG,DAL,Brian Daboll,Mike McCarthy,outdoors,16,23,-7,away
2022_03_DET_MIN,2022,REG,3,MIN,DET,Kevin O'Connell,Dan Campbell,dome,28,24,4,home
2022_03_GB_TB,2022,REG,3,TB,GB,Todd Bowles,Matt LaFleur,outdoors,12,14,-2,away
2022_03_HOU_CHI,2022,REG,3,CHI,HOU,Matt Eberflus,Lovie Smith,outdoors,23,20,3,home
2022_03_JAX_LAC,2022,REG,3,LAC,JAX,Brandon Staley,Doug Pederson,dome,10,38,-28,away
2022_03_KC_IND,2022,REG,3,IND,KC,Frank Reich,Andy Reid,open,20,17,3,home
2022_03_LA_ARI,2022,REG,3,ARI,LA,Kliff Kingsbury,Sean McVay,closed,12,20,-8,away
2022_03_LV_TEN,2022,REG,3,TEN,LV,Mike Vrabel,Josh McDaniels,outdoors,24,22,2,home
2022_03_NO_CAR,2022,REG,3,CAR,NO,Matt Rhule,Dennis Allen,outdoors,22,14,8,home
2022_03_PHI_WAS,2022,REG,3,WAS,PHI,Ron Rivera,Nick Sirianni,outdoors,8,24,-16,away
2022_03_PIT_CLE,2022,REG,3,CLE,PIT,Kevin Stefanski,Mike Tomlin,outdoors,29,17,12,home
2022_03_SF_DEN,2022,REG,3,DEN,SF,Nathaniel Hackett,Kyle Shanahan,outdoors,11,10,1,home
2022_04_ARI_CAR,2022,REG,4,CAR,ARI,Matt Rhule,Kliff Kingsbury,outdoors,16,26,-10,away
2022_04_BUF_BAL,2022,REG,4,BAL,BUF,John Harbaugh,Sean McDermott,outdoors,20,23,-3,away
2022_04_CHI_NYG,2022,REG,4,NYG,CHI,Brian Daboll,Matt Eberflus,outdoors,20,12,8,home
2022_04_CLE_ATL,2022,REG,4,ATL,CLE,Arthur Smith,Kevin Stefanski,open,23,20,3,home
2022_04_DEN_LV,2022,REG,4,LV,DEN,Josh McDaniels,Nathaniel Hackett,dome,32,23,9,home
2022_04_JAX_PHI,2022,REG,4,PHI,JAX,Nick Sirianni,Doug Pederson,outdoors,29,21,8,home
2022_04_KC_TB,2022,REG,4,TB,KC,Todd Bowles,Andy Reid,outdoors,31,41,-10,away
2022_04_LAC_HOU,2022,REG,4,HOU,LAC,Lovie Smith,Brandon Staley,closed,24,34,-10,away
2022_04_LA_SF,2022,REG,4,SF,LA,Kyle Shanahan,Sean McVay,outdoors,24,9,15,home
2022_04_MIA_CIN,2022,REG,4,CIN,MIA,Zac Taylor,Mike McDaniel,outdoors,27,15,12,home
2022_04_MIN_NO,2022,REG,4,NO,MIN,Dennis Allen,Kevin O'Connell,outdoors,25,28,-3,away
2022_04_NE_GB,2022,REG,4,GB,NE,Matt LaFleur,Bill Belichick,outdoors,27,24,3,home
2022_04_NYJ_PIT,2022,REG,4,PIT,NYJ,Mike Tomlin,Robert Saleh,outdoors,20,24,-4,away
2022_04_SEA_DET,2022,REG,4,DET,SEA,Dan Campbell,Pete Carroll,dome,45,48,-3,away
2022_04_TEN_IND,2022,REG,4,IND,TEN,Frank Reich,Mike Vrabel,open,17,24,-7,away
2022_04_WAS_DAL,2022,REG,4,DAL,WAS,Mike McCarthy,Ron Rivera,closed,25,10,15,home
2022_05_ATL_TB,2022,REG,5,TB,ATL,Todd Bowles,Arthur Smith,outdoors,21,15,6,home
2022_05_CHI_MIN,2022,REG,5,MIN,CHI,Kevin O'Connell,Matt Eberflus,dome,29,22,7,home
2022_05_CIN_BAL,2022,REG,5,BAL,CIN,John Harbaugh,Zac Taylor,outdoors,19,17,2,home
2022_05_DAL_LA,2022,REG,5,LA,DAL,Sean McVay,Mike McCarthy,dome,10,22,-12,away
2022_05_DET_NE,2022,REG,5,NE,DET,Bill Belichick,Dan Campbell,outdoors,29,0,29,home
2022_05_HOU_JAX,2022,REG,5,JAX,HOU,Doug Pederson,Lovie Smith,outdoors,6,13,-7,away
2022_05_IND_DEN,2022,REG,5,DEN,IND,Nathaniel Hackett,Frank Reich,outdoors,9,12,-3,away
2022_05_LAC_CLE,2022,REG,5,CLE,LAC,Kevin Stefanski,Brandon Staley,outdoors,28,30,-2,away
2022_05_LV_KC,2022,REG,5,KC,LV,Andy Reid,Josh McDaniels,outdoors,30,29,1,home
2022_05_MIA_NYJ,2022,REG,5,NYJ,MIA,Robert Saleh,Mike McDaniel,outdoors,40,17,23,home
2022_05_NYG_GB,2022,REG,5,GB,NYG,Matt LaFleur,Brian Daboll,outdoors,22,27,-5,away
2022_05_PHI_ARI,2022,REG,5,ARI,PHI,Kliff Kingsbury,Nick Sirianni,closed,17,20,-3,away
2022_05_PIT_BUF,2022,REG,5,BUF,PIT,Sean McDermott,Mike Tomlin,outdoors,38,3,35,home
2022_05_SEA_NO,2022,REG,5,NO,SEA,Dennis Allen,Pete Carroll,dome,39,32,7,home
2022_05_SF_CAR,2022,REG,5,CAR,SF,Matt Rhule,Kyle Shanahan,outdoors,15,37,-22,away
2022_05_TEN_WAS,2022,REG,5,WAS,TEN,Ron Rivera,Mike Vrabel,outdoors,17,21,-4,away
2022_06_ARI_SEA,2022,REG,6,SEA,ARI,Pete Carroll,Kliff Kingsbury,outdoors,19,9,10,home
2022_06_BAL_NYG,2022,REG,6,NYG,BAL,Brian Daboll,John Harbaugh,outdoors,24,20,4,home
2022_06_BUF_KC,2022,REG,6,KC,BUF,Andy Reid,Sean McDermott,outdoors,20,24,-4,away
2022_06_CAR_LA,2022,REG,6,LA,CAR,Sean McVay,Steve Wilks,dome,24,10,14,home
2022_06_CIN_NO,2022,REG,6,NO,CIN,Dennis Allen,Zac Taylor,dome,26,30,-4,away
2022_06_DAL_PHI,2022,REG,6,PHI,DAL,Nick Sirianni,Mike McCarthy,outdoors,26,17,9,home
2022_06_DEN_LAC,2022,REG,6,LAC,DEN,Brandon Staley,Nathaniel Hackett,dome,19,16,3,home
2022_06_JAX_IND,2022,REG,6,IND,JAX,Frank Reich,Doug Pederson,open,34,27,7,home
2022_06_MIN_MIA,2022,REG,6,MIA,MIN,Mike McDaniel,Kevin O'Connell,outdoors,16,24,-8,away
2022_06_NE_CLE,2022,REG,6,CLE,NE,Kevin Stefanski,Bill Belichick,outdoors,15,38,-23,away
2022_06_NYJ_GB,2022,REG,6,GB,NYJ,Matt LaFleur,Robert Saleh,outdoors,10,27,-17,away
2022_06_SF_ATL,2022,REG,6,ATL,SF,Arthur Smith,Kyle Shanahan,open,28,14,14,home
2022_06_TB_PIT,2022,REG,6,PIT,TB,Mike Tomlin,Todd Bowles,outdoors,20,18,2,home
2022_06_WAS_CHI,2022,REG,6,CHI,WAS,Matt Eberflus,Ron Rivera,outdoors,7,12,-5,away
2022_07_ATL_CIN,2022,REG,7,CIN,ATL,Zac Taylor,Arthur Smith,outdoors,35,17,18,home
2022_07_CHI_NE,2022,REG,7,NE,CHI,Bill Belichick,Matt Eberflus,outdoors,14,33,-19,away
2022_07_CLE_BAL,2022,REG,7,BAL,CLE,John Harbaugh,Kevin Stefanski,outdoors,23,20,3,home
2022_07_DET_DAL,2022,REG,7,DAL,DET,Mike McCarthy,Dan Campbell,closed,24,6,18,home
2022_07_GB_WAS,2022,REG,7,WAS,GB,Ron Rivera,Matt LaFleur,outdoors,23,21,2,home
2022_07_HOU_LV,2022,REG,7,LV,HOU,Josh McDaniels,Lovie Smith,dome,38,20,18,home
2022_07_IND_TEN,2022,REG,7,TEN,IND,Mike Vrabel,Frank Reich,outdoors,19,10,9,home
2022_07_KC_SF,2022,REG,7,SF,KC,Kyle Shanahan,Andy Reid,outdoors,23,44,-21,away
2022_07_NO_ARI,2022,REG,7,ARI,NO,Kliff Kingsbury,Dennis Allen,open,42,34,8,home
2022_07_NYG_JAX,2022,REG,7,JAX,NYG,Doug Pederson,Brian Daboll,outdoors,17,23,-6,away
2022_07_NYJ_DEN,2022,REG,7,DEN,NYJ,Nathaniel Hackett,Robert Saleh,outdoors,9,16,-7,away
2022_07_PIT_MIA,2022,REG,7,MIA,PIT,Mike McDaniel,Mike Tomlin,outdoors,16,10,6,home
2022_07_SEA_LAC,2022,REG,7,LAC,SEA,Brandon Staley,Pete Carroll,dome,23,37,-14,away
2022_07_TB_CAR,2022,REG,7,CAR,TB,Steve Wilks,Todd Bowles,outdoors,21,3,18,home
2022_08_ARI_MIN,2022,REG,8,MIN,ARI,Kevin O'Connell,Kliff Kingsbury,dome,34,26,8,home
2022_08_BAL_TB,2022,REG,8,TB,BAL,Todd Bowles,John Harbaugh,outdoors,22,27,-5,away
2022_08_CAR_ATL,2022,REG,8,ATL,CAR,Arthur Smith,Steve Wilks,closed,37,34,3,home
2022_08_CHI_DAL,2022,REG,8,DAL,CHI,Mike McCarthy,Matt Eberflus,open,49,29,20,home
2022_08_CIN_CLE,2022,REG,8,CLE,CIN,Kevin Stefanski,Zac Taylor,outdoors,32,13,19,home
2022_08_DEN_JAX,2022,REG,8,JAX,DEN,Doug Pederson,Nathaniel Hackett,outdoors,17,21,-4,away
2022_08_GB_BUF,2022,REG,8,BUF,GB,Sean McDermott,Matt LaFleur,outdoors,27,17,10,home
2022_08_LV_NO,2022,REG,8,NO,LV,Dennis Allen,Josh McDaniels,dome,24,0,24,home
2022_08_MIA_DET,2022,REG,8,DET,MIA,Dan Campbell,Mike McDaniel,dome,27,31,-4,away
2022_08_NE_NYJ,2022,REG,8,NYJ,NE,Robert Saleh,Bill Belichick,outdoors,17,22,-5,away
2022_08_NYG_SEA,2022,REG,8,SEA,NYG,Pete Carroll,Brian Daboll,outdoors,27,13,14,home
2022_08_PIT_PHI,2022,REG,8,PHI,PIT,Nick Sirianni,Mike Tomlin,outdoors,35,13,22,home
2022_08_SF_LA,2022,REG,8,LA,SF,Sean McVay,Kyle Shanahan,dome,14,31,-17,away
2022_08_TEN_HOU,2022,REG,8,HOU,TEN,Lovie Smith,Mike Vrabel,closed,10,17,-7,away
2022_08_WAS_IND,2022,REG,8,IND,WAS,Frank Reich,Ron Rivera,closed,16,17,-1,away
2022_09_BAL_NO,2022,REG,9,NO,BAL,Dennis Allen,John Harbaugh,dome,13,27,-14,away
2022_09_BUF_NYJ,2022,REG,9,NYJ,BUF,Robert Saleh,Sean McDermott,outdoors,20,17,3,home
2022_09_CAR_CIN,2022,REG,9,CIN,CAR,Zac Taylor,Steve Wilks,outdoors,42,21,21,home
2022_09_GB_DET,2022,REG,9,DET,GB,Dan Campbell,Matt LaFleur,dome,15,9,6,home
2022_09_IND_NE,2022,REG,9,NE,IND,Bill Belichick,Frank Reich,outdoors,26,3,23,home
2022_09_LAC_ATL,2022,REG,9,ATL,LAC,Arthur Smith,Brandon Staley,open,17,20,-3,away
2022_09_LA_TB,2022,REG,9,TB,LA,Todd Bowles,Sean McVay,outdoors,16,13,3,home
2022_09_LV_JAX,2022,REG,9,JAX,LV,Doug Pederson,Josh McDaniels,outdoors,27,20,7,home
2022_09_MIA_CHI,2022,REG,9,CHI,MIA,Matt Eberflus,Mike McDaniel,outdoors,32,35,-3,away
2022_09_MIN_WAS,2022,REG,9,WAS,MIN,Ron Rivera,Kevin O'Connell,outdoors,17,20,-3,away
2022_09_PHI_HOU,2022,REG,9,HOU,PHI,Lovie Smith,Nick Sirianni,closed,17,29,-12,away
2022_09_SEA_ARI,2022,REG,9,ARI,SEA,Kliff Kingsbury,Pete Carroll,open,21,31,-10,away
2022_09_TEN_KC,2022,REG,9,KC,TEN,Andy Reid,Mike Vrabel,outdoors,20,17,3,home
2022_10_ARI_LA,2022,REG,10,LA,ARI,Sean McVay,Kliff Kingsbury,dome,17,27,-10,away
2022_10_ATL_CAR,2022,REG,10,CAR,ATL,Steve Wilks,Arthur Smith,outdoors,25,15,10,home
2022_10_CLE_MIA,2022,REG,10,MIA,CLE,Mike McDaniel,Kevin Stefanski,outdoors,39,17,22,home
2022_10_DAL_GB,2022,REG,10,GB,DAL,Matt LaFleur,Mike McCarthy,outdoors,31,28,3,home
2022_10_DEN_TEN,2022,REG,10,TEN,DEN,Mike Vrabel,Nathaniel Hackett,outdoors,17,10,7,home
2022_10_DET_CHI,2022,REG,10,CHI,DET,Matt Eberflus,Dan Campbell,outdoors,30,31,-1,away
2022_10_HOU_NYG,2022,REG,10,NYG,HOU,Brian Daboll,Lovie Smith,outdoors,24,16,8,home
2022_10_IND_LV,2022,REG,10,LV,IND,Josh McDaniels,Jeff Saturday,dome,20,25,-5,away
2022_10_JAX_KC,2022,REG,10,KC,JAX,Andy Reid,Doug Pederson,outdoors,27,17,10,home
2022_10_LAC_SF,2022,REG,10,SF,LAC,Kyle Shanahan,Brandon Staley,outdoors,22,16,6,home
2022_10_MIN_BUF,2022,REG,10,BUF,MIN,Sean McDermott,Kevin O'Connell,outdoors,30,33,-3,away
2022_10_NO_PIT,2022,REG,10,PIT,NO,Mike Tomlin,Dennis Allen,outdoors,20,10,10,home
2022_10_SEA_TB,2022,REG,10,TB,SEA,Todd Bowles,Pete Carroll,outdoors,21,16,5,home
2022_10_WAS_PHI,2022,REG,10,PHI,WAS,Nick Sirianni,Ron Rivera,outdoors,21,32,-11,away
2022_11_CAR_BAL,2022,REG,11,BAL,CAR,John Harbaugh,Steve Wilks,outdoors,13,3,10,home
2022_11_CHI_ATL,2022,REG,11,ATL,CHI,Arthur Smith,Matt Eberflus,closed,27,24,3,home
2022_11_CIN_PIT,2022,REG,11,PIT,CIN,Mike Tomlin,Zac Taylor,outdoors,30,37,-7,away
2022_11_CLE_BUF,2022,REG,11,BUF,CLE,Sean McDermott,Kevin Stefanski,dome,31,23,8,home
2022_11_DAL_MIN,2022,REG,11,MIN,DAL,Kevin O'Connell,Mike McCarthy,dome,3,40,-37,away
2022_11_DET_NYG,2022,REG,11,NYG,DET,Brian Daboll,Dan Campbell,outdoors,18,31,-13,away
2022_11_KC_LAC,2022,REG,11,LAC,KC,Brandon Staley,Andy Reid,dome,27,30,-3,away
2022_11_LA_NO,2022,REG,11,NO,LA,Dennis Allen,Sean McVay,dome,27,20,7,home
2022_11_LV_DEN,2022,REG,11,DEN,LV,Nathaniel Hackett,Josh McDaniels,outdoors,16,22,-6,away
2022_11_NYJ_NE,2022,REG,11,NE,NYJ,Bill Belichick,Robert Saleh,outdoors,10,3,7,home
2022_11_PHI_IND,2022,REG,11,IND,PHI,Jeff Saturday,Nick Sirianni,closed,16,17,-1,away
2022_11_SF_ARI,2022,REG,11,ARI,SF,Kliff Kingsbury,Kyle Shanahan,outdoors,10,38,-28,away
2022_11_TEN_GB,2022,REG,11,GB,TEN,Matt LaFleur,Mike Vrabel,outdoors,17,27,-10,away
2022_11_WAS_HOU,2022,REG,11,HOU,WAS,Lovie Smith,Ron Rivera,closed,10,23,-13,away
2022_12_ATL_WAS,2022,REG,12,WAS,ATL,Ron Rivera,Arthur Smith,outdoors,19,13,6,home
2022_12_BAL_JAX,2022,REG,12,JAX,BAL,Doug Pederson,John Harbaugh,outdoors,28,27,1,home
2022_12_BUF_DET,2022,REG,12,DET,BUF,Dan Campbell,Sean McDermott,dome,25,28,-3,away
2022_12_CHI_NYJ,2022,REG,12,NYJ,CHI,Robert Saleh,Matt Eberflus,outdoors,31,10,21,home
2022_12_CIN_TEN,2022,REG,12,TEN,CIN,Mike Vrabel,Zac Taylor,outdoors,16,20,-4,away
2022_12_DEN_CAR,2022,REG,12,CAR,DEN,Steve Wilks,Nathaniel Hackett,outdoors,23,10,13,home
2022_12_GB_PHI,2022,REG,12,PHI,GB,Nick Sirianni,Matt LaFleur,outdoors,40,33,7,home
2022_12_HOU_MIA,2022,REG,12,MIA,HOU,Mike McDaniel,Lovie Smith,outdoors,30,15,15,home
2022_12_LAC_ARI,2022,REG,12,ARI,LAC,Kliff Kingsbury,Brandon Staley,closed,24,25,-1,away
2022_12_LA_KC,2022,REG,12,KC,LA,Andy Reid,Sean McVay,outdoors,26,10,16,home
2022_12_LV_SEA,2022,REG,12,SEA,LV,Pete Carroll,Josh McDaniels,outdoors,34,40,-6,away
2022_12_NE_MIN,2022,REG,12,MIN,NE,Kevin O'Connell,Bill Belichick,dome,33,26,7,home
2022_12_NO_SF,2022,REG,12,SF,NO,Kyle Shanahan,Dennis Allen,outdoors,13,0,13,home
2022_12_NYG_DAL,2022,REG,12,DAL,NYG,Mike McCarthy,Brian Daboll,closed,28,20,8,home
2022_12_PIT_IND,2022,REG,12,IND,PIT,Jeff Saturday,Mike Tomlin,closed,17,24,-7,away
2022_12_TB_CLE,2022,REG,12,CLE,TB,Kevin Stefanski,Todd Bowles,outdoors,23,17,6,home
2022_13_BUF_NE,2022,REG,13,NE,BUF,Bill Belichick,Sean McDermott,outdoors,10,24,-14,away
2022_13_CLE_HOU,2022,REG,13,HOU,CLE,Lovie Smith,Kevin Stefanski,closed,14,27,-13,away
2022_13_DEN_BAL,2022,REG,13,BAL,DEN,John Harbaugh,Nathaniel Hackett,outdoors,10,9,1,home
2022_13_GB_CHI,2022,REG,13,CHI,GB,Matt Eberflus,Matt LaFleur,outdoors,19,28,-9,away
2022_13_IND_DAL,2022,REG,13,DAL,IND,Mike McCarthy,Jeff Saturday,closed,54,19,35,home
2022_13_JAX_DET,2022,REG,13,DET,JAX,Dan Campbell,Doug Pederson,dome,40,14,26,home
2022_13_KC_CIN,2022,REG,13,CIN,KC,Zac Taylor,Andy Reid,outdoors,27,24,3,home
2022_13_LAC_LV,2022,REG,13,LV,LAC,Josh McDaniels,Brandon Staley,dome,27,20,7,home
2022_13_MIA_SF,2022,REG,13,SF,MIA,Kyle Shanahan,Mike McDaniel,outdoors,33,17,16,home
2022_13_NO_TB,2022,REG,13,TB,NO,Todd Bowles,Dennis Allen,outdoors,17,16,1,home
2022_13_NYJ_MIN,2022,REG,13,MIN,NYJ,Kevin O'Connell,Robert Saleh,dome,27,22,5,home
2022_13_PIT_ATL,2022,REG,13,ATL,PIT,Arthur Smith,Mike Tomlin,closed,16,19,-3,away
2022_13_SEA_LA,2022,REG,13,LA,SEA,Sean McVay,Pete Carroll,dome,23,27,-4,away
2022_13_TEN_PHI,2022,REG,13,PHI,TEN,Nick Sirianni,Mike Vrabel,outdoors,35,10,25,home
2022_13_WAS_NYG,2022,REG,13,NYG,WAS,Brian Daboll,Ron Rivera,outdoors,20,20,0,tie
2022_14_BAL_PIT,2022,REG,14,PIT,BAL,Mike Tomlin,John Harbaugh,outdoors,14,16,-2,away
2022_14_CAR_SEA,2022,REG,14,SEA,CAR,Pete Carroll,Steve Wilks,outdoors,24,30,-6,away
2022_14_CLE_CIN,2022,REG,14,CIN,CLE,Zac Taylor,Kevin Stefanski,outdoors,23,10,13,home
2022_14_HOU_DAL,2022,REG,14,DAL,HOU,Mike McCarthy,Lovie Smith,closed,27,23,4,home
2022_14_JAX_TEN,2022,REG,14,TEN,JAX,Mike Vrabel,Doug Pederson,outdoors,22,36,-14,away
2022_14_KC_DEN,2022,REG,14,DEN,KC,Nathaniel Hackett,Andy Reid,outdoors,28,34,-6,away
2022_14_LV_LA,2022,REG,14,LA,LV,Sean McVay,Josh McDaniels,dome,17,16,1,home
2022_14_MIA_LAC,2022,REG,14,LAC,MIA,Brandon Staley,Mike McDaniel,dome,23,17,6,home
2022_14_MIN_DET,2022,REG,14,DET,MIN,Dan Campbell,Kevin O'Connell,dome,34,23,11,home
2022_14_NE_ARI,2022,REG,14,ARI,NE,Kliff Kingsbury,Bill Belichick,closed,13,27,-14,away
2022_14_NYJ_BUF,2022,REG,14,BUF,NYJ,Sean McDermott,Robert Saleh,outdoors,20,12,8,home
2022_14_PHI_NYG,2022,REG,14,NYG,PHI,Brian Daboll,Nick Sirianni,outdoors,22,48,-26,away
2022_14_TB_SF,2022,REG,14,SF,TB,Kyle Shanahan,Todd Bowles,outdoors,35,7,28,home
2022_15_ARI_DEN,2022,REG,15,DEN,ARI,Nathaniel Hackett,Kliff Kingsbury,outdoors,24,15,9,home
2022_15_ATL_NO,2022,REG,15,NO,ATL,Dennis Allen,Arthur Smith,dome,21,18,3,home
2022_15_BAL_CLE,2022,REG,15,CLE,BAL,Kevin Stefanski,John Harbaugh,outdoors,13,3,10,home
2022_15_CIN_TB,2022,REG,15,TB,CIN,Todd Bowles,Zac Taylor,outdoors,23,34,-11,away
2022_15_DAL_JAX,2022,REG,15,JAX,DAL,Doug Pederson,Mike McCarthy,outdoors,40,34,6,home
2022_15_DET_NYJ,2022,REG,15,NYJ,DET,Robert Saleh,Dan Campbell,outdoors,17,20,-3,away
2022_15_IND_MIN,2022,REG,15,MIN,IND,Kevin O'Connell,Jeff Saturday,dome,39,36,3,home
2022_15_KC_HOU,2022,REG,15,HOU,KC,Lovie Smith,Andy Reid,closed,24,30,-6,away
2022_15_LA_GB,2022,REG,15,GB,LA,Matt LaFleur,Sean McVay,outdoors,24,12,12,home
2022_15_MIA_BUF,2022,REG,15,BUF,MIA,Sean McDermott,Mike McDaniel,outdoors,32,29,3,home
2022_15_NE_LV,2022,REG,15,LV,NE,Josh McDaniels,Bill Belichick,dome,30,24,6,home
2022_15_NYG_WAS,2022,REG,15,WAS,NYG,Ron Rivera,Brian Daboll,outdoors,12,20,-8,away
2022_15_PHI_CHI,2022,REG,15,CHI,PHI,Matt Eberflus,Nick Sirianni,outdoors,20,25,-5,away
2022_15_PIT_CAR,2022,REG,15,CAR,PIT,Steve Wilks,Mike Tomlin,outdoors,16,24,-8,away
2022_15_SF_SEA,2022,REG,15,SEA,SF,Pete Carroll,Kyle Shanahan,outdoors,13,21,-8,away
2022_15_TEN_LAC,2022,REG,15,LAC,TEN,Brandon Staley,Mike Vrabel,dome,17,14,3,home
2022_16_ATL_BAL,2022,REG,16,BAL,ATL,John Harbaugh,Arthur Smith,outdoors,17,9,8,home
2022_16_BUF_CHI,2022,REG,16,CHI,BUF,Matt Eberflus,Sean McDermott,outdoors,13,35,-22,away
2022_16_CIN_NE,2022,REG,16,NE,CIN,Bill Belichick,Zac Taylor,outdoors,18,22,-4,away
2022_16_DEN_LA,2022,REG,16,LA,DEN,Sean McVay,Nathaniel Hackett,dome,51,14,37,home
2022_16_DET_CAR,2022,REG,16,CAR,DET,Steve Wilks,Dan Campbell,outdoors,37,23,14,home
2022_16_GB_MIA,2022,REG,16,MIA,GB,Mike McDaniel,Matt LaFleur,outdoors,20,26,-6,away
2022_16_HOU_TEN,2022,REG,16,TEN,HOU,Mike Vrabel,Lovie Smith,outdoors,14,19,-5,away
2022_16_JAX_NYJ,2022,REG,16,NYJ,JAX,Robert Saleh,Doug Pederson,outdoors,3,19,-16,away
2022_16_LAC_IND,2022,REG,16,IND,LAC,Jeff Saturday,Brandon Staley,closed,3,20,-17,away
2022_16_LV_PIT,2022,REG,16,PIT,LV,Mike Tomlin,Josh McDaniels,outdoors,13,10,3,home
2022_16_NO_CLE,2022,REG,16,CLE,NO,Kevin Stefanski,Dennis Allen,outdoors,10,17,-7,away
2022_16_NYG_MIN,2022,REG,16,MIN,NYG,Kevin O'Connell,Brian Daboll,dome,27,24,3,home
2022_16_PHI_DAL,2022,REG,16,DAL,PHI,Mike McCarthy,Nick Sirianni,closed,40,34,6,home
2022_16_SEA_KC,2022,REG,16,KC,SEA,Andy Reid,Pete Carroll,outdoors,24,10,14,home
2022_16_TB_ARI,2022,REG,16,ARI,TB,Kliff Kingsbury,Todd Bowles,open,16,19,-3,away
2022_16_WAS_SF,2022,REG,16,SF,WAS,Kyle Shanahan,Ron Rivera,outdoors,37,20,17,home
2022_17_ARI_ATL,2022,REG,17,ATL,ARI,Arthur Smith,Kliff Kingsbury,closed,20,19,1,home
2022_17_CAR_TB,2022,REG,17,TB,CAR,Todd Bowles,Steve Wilks,outdoors,30,24,6,home
2022_17_CHI_DET,2022,REG,17,DET,CHI,Dan Campbell,Matt Eberflus,dome,41,10,31,home
2022_17_CLE_WAS,2022,REG,17,WAS,CLE,Ron Rivera,Kevin Stefanski,outdoors,10,24,-14,away
2022_17_DAL_TEN,2022,REG,17,TEN,DAL,Mike Vrabel,Mike McCarthy,outdoors,13,27,-14,away
2022_17_DEN_KC,2022,REG,17,KC,DEN,Andy Reid,Jay Rosburg,outdoors,27,24,3,home
2022_17_IND_NYG,2022,REG,17,NYG,IND,Brian Daboll,Jeff Saturday,outdoors,38,10,28,home
2022_17_JAX_HOU,2022,REG,17,HOU,JAX,Lovie Smith,Doug Pederson,closed,3,31,-28,away
2022_17_LA_LAC,2022,REG,17,LAC,LA,Brandon Staley,Sean McVay,dome,31,10,21,home
2022_17_MIA_NE,2022,REG,17,NE,MIA,Bill Belichick,Mike McDaniel,outdoors,23,21,2,home
2022_17_MIN_GB,2022,REG,17,GB,MIN,Matt LaFleur,Kevin O'Connell,outdoors,41,17,24,home
2022_17_NO_PHI,2022,REG,17,PHI,NO,Nick Sirianni,Dennis Allen,outdoors,10,20,-10,away
2022_17_NYJ_SEA,2022,REG,17,SEA,NYJ,Pete Carroll,Robert Saleh,outdoors,23,6,17,home
2022_17_PIT_BAL,2022,REG,17,BAL,PIT,John Harbaugh,Mike Tomlin,outdoors,13,16,-3,away
2022_17_SF_LV,2022,REG,17,LV,SF,Josh McDaniels,Kyle Shanahan,dome,34,37,-3,away
2022_18_ARI_SF,2022,REG,18,SF,ARI,Kyle Shanahan,Kliff Kingsbury,outdoors,38,13,25,home
2022_18_BAL_CIN,2022,REG,18,CIN,BAL,Zac Taylor,John Harbaugh,outdoors,27,16,11,home
2022_18_CAR_NO,2022,REG,18,NO,CAR,Dennis Allen,Steve Wilks,dome,7,10,-3,away
2022_18_CLE_PIT,2022,REG,18,PIT,CLE,Mike Tomlin,Kevin Stefanski,outdoors,28,14,14,home
2022_18_DAL_WAS,2022,REG,18,WAS,DAL,Ron Rivera,Mike McCarthy,outdoors,26,6,20,home
2022_18_DET_GB,2022,REG,18,GB,DET,Matt LaFleur,Dan Campbell,outdoors,16,20,-4,away
2022_18_HOU_IND,2022,REG,18,IND,HOU,Jeff Saturday,Lovie Smith,closed,31,32,-1,away
2022_18_KC_LV,2022,REG,18,LV,KC,Josh McDaniels,Andy Reid,dome,13,31,-18,away
2022_18_LAC_DEN,2022,REG,18,DEN,LAC,Jay Rosburg,Brandon Staley,outdoors,31,28,3,home
2022_18_LA_SEA,2022,REG,18,SEA,LA,Pete Carroll,Sean McVay,outdoors,19,16,3,home
2022_18_MIN_CHI,2022,REG,18,CHI,MIN,Matt Eberflus,Kevin O'Connell,outdoors,13,29,-16,away
2022_18_NE_BUF,2022,REG,18,BUF,NE,Sean McDermott,Bill Belichick,outdoors,35,23,12,home
2022_18_NYG_PHI,2022,REG,18,PHI,NYG,Nick Sirianni,Brian Daboll,outdoors,22,16,6,home
2022_18_NYJ_MIA,2022,REG,18,MIA,NYJ,Mike McDaniel,Robert Saleh,outdoors,11,6,5,home
2022_18_TB_ATL,2022,REG,18,ATL,TB,Arthur Smith,Todd Bowles,closed,30,17,13,home
2022_18_TEN_JAX,2022,REG,18,JAX,TEN,Doug Pederson,Mike Vrabel,outdoors,20,16,4,home
2022_19_BAL_CIN,2022,POST,19,CIN,BAL,Zac Taylor,John Harbaugh,outdoors,24,17,7,home
2022_19_DAL_TB,2022,POST,19,TB,DAL,Todd Bowles,Mike McCarthy,outdoors,14,31,-17,away
2022_19_LAC_JAX,2022,POST,19,JAX,LAC,Doug Pederson,Brandon Staley,outdoors,31,30,1,home
2022_19_MIA_BUF,2022,POST,19,BUF,MIA,Sean McDermott,Mike McDaniel,outdoors,34,31,3,home
2022_19_NYG_MIN,2022,POST,19,MIN,NYG,Kevin O'Connell,Brian Daboll,dome,24,31,-7,away
2022_19_SEA_SF,2022,POST,19,SF,SEA,Kyle Shanahan,Pete Carroll,outdoors,41,23,18,home
2022_20_CIN_BUF,2022,POST,20,BUF,CIN,Sean McDermott,Zac Taylor,outdoors,10,27,-17,away
2022_20_DAL_SF,2022,POST,20,SF,DAL,Kyle Shanahan,Mike McCarthy,outdoors,19,12,7,home
2022_20_JAX_KC,2022,POST,20,KC,JAX,Andy Reid,Doug Pederson,outdoors,27,20,7,home
2022_20_NYG_PHI,2022,POST,20,PHI,NYG,Nick Sirianni,Brian Daboll,outdoors,38,7,31,home
2022_21_CIN_KC,2022,POST,21,KC,CIN,Andy Reid,Zac Taylor,outdoors,23,20,3,home
2022_21_SF_PHI,2022,POST,21,PHI,SF,Nick Sirianni,Kyle Shanahan,outdoors,31,7,24,home
2022_22_KC_PHI,2022,POST,22,PHI,KC,Nick Sirianni,Andy Reid,closed,35,38,-3,away
2023_01_ARI_WAS,2023,REG,1,WAS,ARI,Ron Rivera,Jonathan Gannon,outdoors,20,16,4,home
2023_01_BUF_NYJ,2023,REG,1,NYJ,BUF,Robert Saleh,Sean McDermott,outdoors,22,16,6,home
2023_01_CAR_ATL,2023,REG,1,ATL,CAR,Arthur Smith,Frank Reich,closed,24,10,14,home
2023_01_CIN_CLE,2023,REG,1,CLE,CIN,Kevin Stefanski,Zac Taylor,outdoors,24,3,21,home
2023_01_DAL_NYG,2023,REG,1,NYG,DAL,Brian Daboll,Mike McCarthy,outdoors,0,40,-40,away
2023_01_DET_KC,2023,REG,1,KC,DET,Andy Reid,Dan Campbell,outdoors,20,21,-1,away
2023_01_GB_CHI,2023,REG,1,CHI,GB,Matt Eberflus,Matt LaFleur,outdoors,20,38,-18,away
2023_01_HOU_BAL,2023,REG,1,BAL,HOU,John Harbaugh,DeMeco Ryans,outdoors,25,9,16,home
2023_01_JAX_IND,2023,REG,1,IND,JAX,Shane Steichen,Doug Pederson,closed,21,31,-10,away
2023_01_LA_SEA,2023,REG,1,SEA,LA,Pete Carroll,Sean McVay,outdoors,13,30,-17,away
2023_01_LV_DEN,2023,REG,1,DEN,LV,Sean Payton,Josh McDaniels,outdoors,16,17,-1,away
2023_01_MIA_LAC,2023,REG,1,LAC,MIA,Brandon Staley,Mike McDaniel,dome,34,36,-2,away
2023_01_PHI_NE,2023,REG,1,NE,PHI,Bill Belichick,Nick Sirianni,outdoors,20,25,-5,away
2023_01_SF_PIT,2023,REG,1,PIT,SF,Mike Tomlin,Kyle Shanahan,outdoors,7,30,-23,away
2023_01_TB_MIN,2023,REG,1,MIN,TB,Kevin O'Connell,Todd Bowles,dome,17,20,-3,away
2023_01_TEN_NO,2023,REG,1,NO,TEN,Dennis Allen,Mike Vrabel,dome,16,15,1,home
2023_02_BAL_CIN,2023,REG,2,CIN,BAL,Zac Taylor,John Harbaugh,outdoors,24,27,-3,away
2023_02_CHI_TB,2023,REG,2,TB,CHI,Todd Bowles,Matt Eberflus,outdoors,27,17,10,home
2023_02_CLE_PIT,2023,REG,2,PIT,CLE,Mike Tomlin,Kevin Stefanski,outdoors,26,22,4,home
2023_02_GB_ATL,2023,REG,2,ATL,GB,Arthur Smith,Matt LaFleur,open,25,24,1,home
2023_02_IND_HOU,2023,REG,2,HOU,IND,DeMeco Ryans,Shane Steichen,open,20,31,-11,away
2023_02_KC_JAX,2023,REG,2,JAX,KC,Doug Pederson,Andy Reid,outdoors,9,17,-8,away
2023_02_LAC_TEN,2023,REG,2,TEN,LAC,Mike Vrabel,Brandon Staley,outdoors,27,24,3,home
2023_02_LV_BUF,2023,REG,2,BUF,LV,Sean McDermott,Josh McDaniels,outdoors,38,10,28,home
2023_02_MIA_NE,2023,REG,2,NE,MIA,Bill Belichick,Mike McDaniel,outdoors,17,24,-7,away
2023_02_MIN_PHI,2023,REG,2,PHI,MIN,Nick Sirianni,Kevin O'Connell,outdoors,34,28,6,home
2023_02_NO_CAR,2023,REG,2,CAR,NO,Frank Reich,Dennis Allen,outdoors,17,20,-3,away
2023_02_NYG_ARI,2023,REG,2,ARI,NYG,Jonathan Gannon,Brian Daboll,closed,28,31,-3,away
2023_02_NYJ_DAL,2023,REG,2,DAL,NYJ,Mike McCarthy,Robert Saleh,open,30,10,20,home
2023_02_SEA_DET,2023,REG,2,DET,SEA,Dan Campbell,Pete Carroll,dome,31,37,-6,away
2023_02_SF_LA,2023,REG,2,LA,SF,Sean McVay,Kyle Shanahan,dome,23,30,-7,away
2023_02_WAS_DEN,2023,REG,2,DEN,WAS,Sean Payton,Ron Rivera,outdoors,33,35,-2,away
2023_03_ATL_DET,2023,REG,3,DET,ATL,Dan Campbell,Arthur Smith,dome,20,6,14,home
2023_03_BUF_WAS,2023,REG,3,WAS,BUF,Ron Rivera,Sean McDermott,outdoors,3,37,-34,away
2023_03_CAR_SEA,2023,REG,3,SEA,CAR,Pete Carroll,Frank Reich,outdoors,37,27,10,home
2023_03_CHI_KC,2023,REG,3,KC,CHI,Andy Reid,Matt Eberflus,outdoors,41,10,31,home
2023_03_DAL_ARI,2023,REG,3,ARI,DAL,Jonathan Gannon,Mike McCarthy,open,28,16,12,home
2023_03_DEN_MIA,2023,REG,3,MIA,DEN,Mike McDaniel,Sean Payton,outdoors,70,20,50,home
2023_03_HOU_JAX,2023,REG,3,JAX,HOU,Doug Pederson,DeMeco Ryans,outdoors,17,37,-20,away
2023_03_IND_BAL,2023,REG,3,BAL,IND,John Harbaugh,Shane Steichen,outdoors,19,22,-3,away
2023_03_LAC_MIN,2023,REG,3,MIN,LAC,Kevin O'Connell,Brandon Staley,dome,24,28,-4,away
2023_03_LA_CIN,2023,REG,3,CIN,LA,Zac Taylor,Sean McVay,outdoors,19,16,3,home
2023_03_NE_NYJ,2023,REG,3,NYJ,NE,Robert Saleh,Bill Belichick,outdoors,10,15,-5,away
2023_03_NO_GB,2023,REG,3,GB,NO,Matt LaFleur,Dennis Allen,outdoors,18,17,1,home
2023_03_NYG_SF,2023,REG,3,SF,NYG,Kyle Shanahan,Brian Daboll,outdoors,30,12,18,home
2023_03_PHI_TB,2023,REG,3,TB,PHI,Todd Bowles,Nick Sirianni,outdoors,11,25,-14,away
2023_03_PIT_LV,2023,REG,3,LV,PIT,Josh McDaniels,Mike Tomlin,dome,18,23,-5,away
2023_03_TEN_CLE,2023,REG,3,CLE,TEN,Kevin Stefanski,Mike Vrabel,outdoors,27,3,24,home
2023_04_ARI_SF,2023,REG,4,SF,ARI,Kyle Shanahan,Jonathan Gannon,outdoors,35,16,19,home
2023_04_ATL_JAX,2023,REG,4,JAX,ATL,Doug Pederson,Arthur Smith,outdoors,23,7,16,home
2023_04_BAL_CLE,2023,REG,4,CLE,BAL,Kevin Stefanski,John Harbaugh,outdoors,3,28,-25,away
2023_04_CIN_TEN,2023,REG,4,TEN,CIN,Mike Vrabel,Zac Taylor,outdoors,27,3,24,home
2023_04_DEN_CHI,2023,REG,4,CHI,DEN,Matt Eberflus,Sean Payton,outdoors,28,31,-3,away
2023_04_DET_GB,2023,REG,4,GB,DET,Matt LaFleur,Dan Campbell,outdoors,20,34,-14,away
2023_04_KC_NYJ,2023,REG,4,NYJ,KC,Robert Saleh,Andy Reid,outdoors,20,23,-3,away
2023_04_LA_IND,2023,REG,4,IND,LA,Shane Steichen,Sean McVay,open,23,29,-6,away
2023_04_LV_LAC,2023,REG,4,LAC,LV,Brandon Staley,Josh McDaniels,dome,24,17,7,home
2023_04_MIA_BUF,2023,REG,4,BUF,MIA,Sean McDermott,Mike McDaniel,outdoors,48,20,28,home
2023_04_MIN_CAR,2023,REG,4,CAR,MIN,Frank Reich,Kevin O'Connell,outdoors,13,21,-8,away
2023_04_NE_DAL,2023,REG,4,DAL,NE,Mike McCarthy,Bill Belichick,closed,38,3,35,home
2023_04_PIT_HOU,2023,REG,4,HOU,PIT,DeMeco Ryans,Mike Tomlin,open,30,6,24,home
2023_04_SEA_NYG,2023,REG,4,NYG,SEA,Brian Daboll,Pete Carroll,outdoors,3,24,-21,away
2023_04_TB_NO,2023,REG,4,NO,TB,Dennis Allen,Todd Bowles,dome,9,26,-17,away
2023_04_WAS_PHI,2023,REG,4,PHI,WAS,Nick Sirianni,Ron Rivera,outdoors,34,31,3,home
2023_05_BAL_PIT,2023,REG,5,PIT,BAL,Mike Tomlin,John Harbaugh,outdoors,17,10,7,home
2023_05_CAR_DET,2023,REG,5,DET,CAR,Dan Campbell,Frank Reich,dome,42,24,18,home
2023_05_CHI_WAS,2023,REG,5,WAS,CHI,Ron Rivera,Matt Eberflus,outdoors,20,40,-20,away
2023_05_CIN_ARI,2023,REG,5,ARI,CIN,Jonathan Gannon,Zac Taylor,closed,20,34,-14,away
2023_05_DAL_SF,2023,REG,5,SF,DAL,Kyle Shanahan,Mike McCarthy,outdoors,42,10,32,home
2023_05_GB_LV,2023,REG,5,LV,GB,Josh McDaniels,Matt LaFleur,dome,17,13,4,home
2023_05_HOU_ATL,2023,REG,5,ATL,HOU,Arthur Smith,DeMeco Ryans,open,21,19,2,home
2023_05_JAX_BUF,2023,REG,5,BUF,JAX,Sean McDermott,Doug Pederson,outdoors,20,25,-5,away
2023_05_KC_MIN,2023,REG,5,MIN,KC,Kevin O'Connell,Andy Reid,dome,20,27,-7,away
2023_05_NO_NE,2023,REG,5,NE,NO,Bill Belichick,Dennis Allen,outdoors,0,34,-34,away
2023_05_NYG_MIA,2023,REG,5,MIA,NYG,Mike McDaniel,Brian Daboll,outdoors,31,16,15,home
2023_05_NYJ_DEN,2023,REG,5,DEN,NYJ,Sean Payton,Robert Saleh,outdoors,21,31,-10,away
2023_05_PHI_LA,2023,REG,5,LA,PHI,Sean McVay,Nick Sirianni,dome,14,23,-9,away
2023_05_TEN_IND,2023,REG,5,IND,TEN,Shane Steichen,Mike Vrabel,open,23,16,7,home
2023_06_ARI_LA,2023,REG,6,LA,ARI,Sean McVay,Jonathan Gannon,dome,26,9,17,home
2023_06_BAL_TEN,2023,REG,6,TEN,BAL,Mike Vrabel,John Harbaugh,outdoors,16,24,-8,away
2023_06_CAR_MIA,2023,REG,6,MIA,CAR,Mike McDaniel,Frank Reich,outdoors,42,21,21,home
2023_06_DAL_LAC,2023,REG,6,LAC,DAL,Brandon Staley,Mike McCarthy,dome,17,20,-3,away
2023_06_DEN_KC,2023,REG,6,KC,DEN,Andy Reid,Sean Payton,outdoors,19,8,11,home
2023_06_DET_TB,2023,REG,6,TB,DET,Todd Bowles,Dan Campbell,outdoors,6,20,-14,away
2023_06_IND_JAX,2023,REG,6,JAX,IND,Doug Pederson,Shane Steichen,outdoors,37,20,17,home
2023_06_MIN_CHI,2023,REG,6,CHI,MIN,Matt Eberflus,Kevin O'Connell,outdoors,13,19,-6,away
2023_06_NE_LV,2023,REG,6,LV,NE,Josh McDaniels,Bill Belichick,dome,21,17,4,home
2023_06_NO_HOU,2023,REG,6,HOU,NO,DeMeco Ryans,Dennis Allen,closed,20,13,7,home
2023_06_NYG_BUF,2023,REG,6,BUF,NYG,Sean McDermott,Brian Daboll,outdoors,14,9,5,home
2023_06_PHI_NYJ,2023,REG,6,NYJ,PHI,Robert Saleh,Nick Sirianni,outdoors,20,14,6,home
2023_06_SEA_CIN,2023,REG,6,CIN,SEA,Zac Taylor,Pete Carroll,outdoors,17,13,4,home
2023_06_SF_CLE,2023,REG,6,CLE,SF,Kevin Stefanski,Kyle Shanahan,outdoors,19,17,2,home
2023_06_WAS_ATL,2023,REG,6,ATL,WAS,Arthur Smith,Ron Rivera,closed,16,24,-8,away
2023_07_ARI_SEA,2023,REG,7,SEA,ARI,Pete Carroll,Jonathan Gannon,outdoors,20,10,10,home
2023_07_ATL_TB,2023,REG,7,TB,ATL,Todd Bowles,Arthur Smith,outdoors,13,16,-3,away
2023_07_BUF_NE,2023,REG,7,NE,BUF,Bill Belichick,Sean McDermott,outdoors,29,25,4,home
2023_07_CLE_IND,2023,REG,7,IND,CLE,Shane Steichen,Kevin Stefanski,open,38,39,-1,away
2023_07_DET_BAL,2023,REG,7,BAL,DET,John Harbaugh,Dan Campbell,outdoors,38,6,32,home
2023_07_GB_DEN,2023,REG,7,DEN,GB,Sean Payton,Matt LaFleur,outdoors,19,17,2,home
2023_07_JAX_NO,2023,REG,7,NO,JAX,Dennis Allen,Doug Pederson,dome,24,31,-7,away
2023_07_LAC_KC,2023,REG,7,KC,LAC,Andy Reid,Brandon Staley,outdoors,31,17,14,home
2023_07_LV_CHI,2023,REG,7,CHI,LV,Matt Eberflus,Josh McDaniels,outdoors,30,12,18,home
2023_07_MIA_PHI,2023,REG,7,PHI,MIA,Nick Sirianni,Mike McDaniel,outdoors,31,17,14,home
2023_07_PIT_LA,2023,REG,7,LA,PIT,Sean McVay,Mike Tomlin,dome,17,24,-7,away
2023_07_SF_MIN,2023,REG,7,MIN,SF,Kevin O'Connell,Kyle Shanahan,dome,22,17,5,home
2023_07_WAS_NYG,2023,REG,7,NYG,WAS,Brian Daboll,Ron Rivera,outdoors,14,7,7,home
2023_08_ATL_TEN,2023,REG,8,TEN,ATL,Mike Vrabel,Arthur Smith,outdoors,28,23,5,home
2023_08_BAL_ARI,2023,REG,8,ARI,BAL,Jonathan Gannon,John Harbaugh,closed,24,31,-7,away
2023_08_CHI_LAC,2023,REG,8,LAC,CHI,Brandon Staley,Matt Eberflus,dome,30,13,17,home
2023_08_CIN_SF,2023,REG,8,SF,CIN,Kyle Shanahan,Zac Taylor,outdoors,17,31,-14,away
2023_08_CLE_SEA,2023,REG,8,SEA,CLE,Pete Carroll,Kevin Stefanski,outdoors,24,20,4,home
2023_08_HOU_CAR,2023,REG,8,CAR,HOU,Frank Reich,DeMeco Ryans,outdoors,15,13,2,home
2023_08_JAX_PIT,2023,REG,8,PIT,JAX,Mike Tomlin,Doug Pederson,outdoors,10,20,-10,away
2023_08_KC_DEN,2023,REG,8,DEN,KC,Sean Payton,Andy Reid,outdoors,24,9,15,home
2023_08_LA_DAL,2023,REG,8,DAL,LA,Mike McCarthy,Sean McVay,closed,43,20,23,home
2023_08_LV_DET,2023,REG,8,DET,LV,Dan Campbell,Josh McDaniels,dome,26,14,12,home
2023_08_MIN_GB,2023,REG,8,GB,MIN,Matt LaFleur,Kevin O'Connell,outdoors,10,24,-14,away
2023_08_NE_MIA,2023,REG,8,MIA,NE,Mike McDaniel,Bill Belichick,outdoors,31,17,14,home
2023_08_NO_IND,2023,REG,8,IND,NO,Shane Steichen,Dennis Allen,closed,27,38,-11,away
2023_08_NYJ_NYG,2023,REG,8,NYG,NYJ,Brian Daboll,Robert Saleh,outdoors,10,13,-3,away
2023_08_PHI_WAS,2023,REG,8,WAS,PHI,Ron Rivera,Nick Sirianni,outdoors,31,38,-7,away
2023_08_TB_BUF,2023,REG,8,BUF,TB,Sean McDermott,Todd Bowles,outdoors,24,18,6,home
2023_09_ARI_CLE,2023,REG,9,CLE,ARI,Kevin Stefanski,Jonathan Gannon,outdoors,27,0,27,home
2023_09_BUF_CIN,2023,REG,9,CIN,BUF,Zac Taylor,Sean McDermott,outdoors,24,18,6,home
2023_09_CHI_NO,2023,REG,9,NO,CHI,Dennis Allen,Matt Eberflus,dome,24,17,7,home
2023_09_DAL_PHI,2023,REG,9,PHI,DAL,Nick Sirianni,Mike McCarthy,outdoors,28,23,5,home
2023_09_IND_CAR,2023,REG,9,CAR,IND,Frank Reich,Shane Steichen,outdoors,13,27,-14,away
2023_09_LAC_NYJ,2023,REG,9,NYJ,LAC,Robert Saleh,Brandon Staley,outdoors,6,27,-21,away
2023_09_LA_GB,2023,REG,9,GB,LA,Matt LaFleur,Sean McVay,outdoors,20,3,17,home
2023_09_MIA_KC,2023,REG,9,KC,MIA,Andy Reid,Mike McDaniel,outdoors,21,14,7,home
2023_09_MIN_ATL,2023,REG,9,ATL,MIN,Arthur Smith,Kevin O'Connell,open,28,31,-3,away
2023_09_NYG_LV,2023,REG,9,LV,NYG,Antonio Pierce,Brian Daboll,dome,30,6,24,home
2023_09_SEA_BAL,2023,REG,9,BAL,SEA,John Harbaugh,Pete Carroll,outdoors,37,3,34,home
2023_09_TB_HOU,2023,REG,9,HOU,TB,DeMeco Ryans,Todd Bowles,closed,39,37,2,home
2023_09_TEN_PIT,2023,REG,9,PIT,TEN,Mike Tomlin,Mike Vrabel,outdoors,20,16,4,home
2023_09_WAS_NE,2023,REG,9,NE,WAS,Bill Belichick,Ron Rivera,outdoors,17,20,-3,away
2023_10_ATL_ARI,2023,REG,10,ARI,ATL,Jonathan Gannon,Arthur Smith,closed,25,23,2,home
2023_10_CAR_CHI,2023,REG,10,CHI,CAR,Matt Eberflus,Frank Reich,outdoors,16,13,3,home
2023_10_CLE_BAL,2023,REG,10,BAL,CLE,John Harbaugh,Kevin Stefanski,outdoors,31,33,-2,away
2023_10_DEN_BUF,2023,REG,10,BUF,DEN,Sean McDermott,Sean Payton,outdoors,22,24,-2,away
2023_10_DET_LAC,2023,REG,10,LAC,DET,Brandon Staley,Dan Campbell,dome,38,41,-3,away
2023_10_GB_PIT,2023,REG,10,PIT,GB,Mike Tomlin,Matt LaFleur,outdoors,23,19,4,home
2023_10_HOU_CIN,2023,REG,10,CIN,HOU,Zac Taylor,DeMeco Ryans,outdoors,27,30,-3,away
2023_10_IND_NE,2023,REG,10,NE,IND,Bill Belichick,Shane Steichen,outdoors,6,10,-4,away
2023_10_NO_MIN,2023,REG,10,MIN,NO,Kevin O'Connell,Dennis Allen,dome,27,19,8,home
2023_10_NYG_DAL,2023,REG,10,DAL,NYG,Mike McCarthy,Brian Daboll,closed,49,17,32,home
2023_10_NYJ_LV,2023,REG,10,LV,NYJ,Antonio Pierce,Robert Saleh,dome,16,12,4,home
2023_10_SF_JAX,2023,REG,10,JAX,SF,Doug Pederson,Kyle Shanahan,outdoors,3,34,-31,away
2023_10_TEN_TB,2023,REG,10,TB,TEN,Todd Bowles,Mike Vrabel,outdoors,20,6,14,home
2023_10_WAS_SEA,2023,REG,10,SEA,WAS,Pete Carroll,Ron Rivera,outdoors,29,26,3,home
2023_11_ARI_HOU,2023,REG,11,HOU,ARI,DeMeco Ryans,Jonathan Gannon,closed,21,16,5,home
2023_11_CHI_DET,2023,REG,11,DET,CHI,Dan Campbell,Matt Eberflus,dome,31,26,5,home
2023_11_CIN_BAL,2023,REG,11,BAL,CIN,John Harbaugh,Zac Taylor,outdoors,34,20,14,home
2023_11_DAL_CAR,2023,REG,11,CAR,DAL,Frank Reich,Mike McCarthy,outdoors,10,33,-23,away
2023_11_LAC_GB,2023,REG,11,GB,LAC,Matt LaFleur,Brandon Staley,outdoors,23,20,3,home
2023_11_LV_MIA,2023,REG,11,MIA,LV,Mike McDaniel,Antonio Pierce,outdoors,20,13,7,home
2023_11_MIN_DEN,2023,REG,11,DEN,MIN,Sean Payton,Kevin O'Connell,outdoors,21,20,1,home
2023_11_NYG_WAS,2023,REG,11,WAS,NYG,Ron Rivera,Brian Daboll,outdoors,19,31,-12,away
2023_11_NYJ_BUF,2023,REG,11,BUF,NYJ,Sean McDermott,Robert Saleh,outdoors,32,6,26,home
2023_11_PHI_KC,2023,REG,11,KC,PHI,Andy Reid,Nick Sirianni,outdoors,17,21,-4,away
2023_11_PIT_CLE,2023,REG,11,CLE,PIT,Kevin Stefanski,Mike Tomlin,outdoors,13,10,3,home
2023_11_SEA_LA,2023,REG,11,LA,SEA,Sean McVay,Pete Carroll,dome,17,16,1,home
2023_11_TB_SF,2023,REG,11,SF,TB,Kyle Shanahan,Todd Bowles,outdoors,27,14,13,home
2023_11_TEN_JAX,2023,REG,11,JAX,TEN,Doug Pederson,Mike Vrabel,outdoors,34,14,20,home
2023_12_BAL_LAC,2023,REG,12,LAC,BAL,Brandon Staley,John Harbaugh,dome,10,20,-10,away
2023_12_BUF_PHI,2023,REG,12,PHI,BUF,Nick Sirianni,Sean McDermott,outdoors,37,34,3,home
2023_12_CAR_TEN,2023,REG,12,TEN,CAR,Mike Vrabel,Frank Reich,outdoors,17,10,7,home
2023_12_CHI_MIN,2023,REG,12,MIN,CHI,Kevin O'Connell,Matt Eberflus,dome,10,12,-2,away
2023_12_CLE_DEN,2023,REG,12,DEN,CLE,Sean Payton,Kevin Stefanski,outdoors,29,12,17,home
2023_12_GB_DET,2023,REG,12,DET,GB,Dan Campbell,Matt LaFleur,dome,22,29,-7,away
2023_12_JAX_HOU,2023,REG,12,HOU,JAX,DeMeco Ryans,Doug Pederson,closed,21,24,-3,away
2023_12_KC_LV,2023,REG,12,LV,KC,Antonio Pierce,Andy Reid,dome,17,31,-14,away
2023_12_LA_ARI,2023,REG,12,ARI,LA,Jonathan Gannon,Sean McVay,closed,14,37,-23,away
2023_12_MIA_NYJ,2023,REG,12,NYJ,MIA,Robert Saleh,Mike McDaniel,outdoors,13,34,-21,away
2023_12_NE_NYG,2023,REG,12,NYG,NE,Brian Daboll,Bill Belichick,outdoors,10,7,3,home
2023_12_NO_ATL,2023,REG,12,ATL,NO,Arthur Smith,Dennis Allen,closed,24,15,9,home
2023_12_PIT_CIN,2023,REG,12,CIN,PIT,Zac Taylor,Mike Tomlin,outdoors,10,16,-6,away
2023_12_SF_SEA,2023,REG,12,SEA,SF,Pete Carroll,Kyle Shanahan,outdoors,13,31,-18,away
2023_12_TB_IND,2023,REG,12,IND,TB,Shane Steichen,Todd Bowles,closed,27,20,7,home
2023_12_WAS_DAL,2023,REG,12,DAL,WAS,Mike McCarthy,Ron Rivera,closed,45,10,35,home
2023_13_ARI_PIT,2023,REG,13,PIT,ARI,Mike Tomlin,Jonathan Gannon,outdoors,10,24,-14,away
2023_13_ATL_NYJ,2023,REG,13,NYJ,ATL,Robert Saleh,Arthur Smith,outdoors,8,13,-5,away
2023_13_CAR_TB,2023,REG,13,TB,CAR,Todd Bowles,Chris Tabor,outdoors,21,18,3,home
2023_13_CIN_JAX,2023,REG,13,JAX,CIN,Doug Pederson,Zac Taylor,outdoors,31,34,-3,away
2023_13_CLE_LA,2023,REG,13,LA,CLE,Sean McVay,Kevin Stefanski,dome,36,19,17,home
2023_13_DEN_HOU,2023,REG,13,HOU,DEN,DeMeco Ryans,Sean Payton,closed,22,17,5,home
2023_13_DET_NO,2023,REG,13,NO,DET,Dennis Allen,Dan Campbell,dome,28,33,-5,away
2023_13_IND_TEN,2023,REG,13,TEN,IND,Mike Vrabel,Shane Steichen,outdoors,28,31,-3,away
2023_13_KC_GB,2023,REG,13,GB,KC,Matt LaFleur,Andy Reid,outdoors,27,19,8,home
2023_13_LAC_NE,2023,REG,13,NE,LAC,Bill Belichick,Brandon Staley,outdoors,0,6,-6,away
2023_13_MIA_WAS,2023,REG,13,WAS,MIA,Ron Rivera,Mike McDaniel,outdoors,15,45,-30,away
2023_13_SEA_DAL,2023,REG,13,DAL,SEA,Mike McCarthy,Pete Carroll,closed,41,35,6,home
2023_13_SF_PHI,2023,REG,13,PHI,SF,Nick Sirianni,Kyle Shanahan,outdoors,19,42,-23,away
2023_14_BUF_KC,2023,REG,14,KC,BUF,Andy Reid,Sean McDermott,outdoors,17,20,-3,away
2023_14_CAR_NO,2023,REG,14,NO,CAR,Dennis Allen,Chris Tabor,dome,28,6,22,home
2023_14_DEN_LAC,2023,REG,14,LAC,DEN,Brandon Staley,Sean Payton,dome,7,24,-17,away
2023_14_DET_CHI,2023,REG,14,CHI,DET,Matt Eberflus,Dan Campbell,outdoors,28,13,15,home
2023_14_GB_NYG,2023,REG,14,NYG,GB,Brian Daboll,Matt LaFleur,outdoors,24,22,2,home
2023_14_HOU_NYJ,2023,REG,14,NYJ,HOU,Robert Saleh,DeMeco Ryans,outdoors,30,6,24,home
2023_14_IND_CIN,2023,REG,14,CIN,IND,Zac Taylor,Shane Steichen,outdoors,34,14,20,home
2023_14_JAX_CLE,2023,REG,14,CLE,JAX,Kevin Stefanski,Doug Pederson,outdoors,31,27,4,home
2023_14_LA_BAL,2023,REG,14,BAL,LA,John Harbaugh,Sean McVay,outdoors,37,31,6,home
2023_14_MIN_LV,2023,REG,14,LV,MIN,Antonio Pierce,Kevin O'Connell,dome,0,3,-3,away
2023_14_NE_PIT,2023,REG,14,PIT,NE,Mike Tomlin,Bill Belichick,outdoors,18,21,-3,away
2023_14_PHI_DAL,2023,REG,14,DAL,PHI,Mike McCarthy,Nick Sirianni,closed,33,13,20,home
2023_14_SEA_SF,2023,REG,14,SF,SEA,Kyle Shanahan,Pete Carroll,outdoors,28,16,12,home
2023_14_TB_ATL,2023,REG,14,ATL,TB,Arthur Smith,Todd Bowles,closed,25,29,-4,away
2023_14_TEN_MIA,2023,REG,14,MIA,TEN,Mike McDaniel,Mike Vrabel,outdoors,27,28,-1,away
2023_15_ATL_CAR,2023,REG,15,CAR,ATL,Chris Tabor,Arthur Smith,outdoors,9,7,2,home
2023_15_BAL_JAX,2023,REG,15,JAX,BAL,Doug Pederson,John Harbaugh,outdoors,7,23,-16,away
2023_15_CHI_CLE,2023,REG,15,CLE,CHI,Kevin Stefanski,Matt Eberflus,outdoors,20,17,3,home
2023_15_DAL_BUF,2023,REG,15,BUF,DAL,Sean McDermott,Mike McCarthy,outdoors,31,10,21,home
2023_15_DEN_DET,2023,REG,15,DET,DEN,Dan Campbell,Sean Payton,dome,42,17,25,home
2023_15_HOU_TEN,2023,REG,15,TEN,HOU,Mike Vrabel,DeMeco Ryans,outdoors,16,19,-3,away
2023_15_KC_NE,2023,REG,15,NE,KC,Bill Belichick,Andy Reid,outdoors,17,27,-10,away
2023_15_LAC_LV,2023,REG,15,LV,LAC,Antonio Pierce,Brandon Staley,dome,63,21,42,home
2023_15_MIN_CIN,2023,REG,15,CIN,MIN,Zac Taylor,Kevin O'Connell,outdoors,27,24,3,home
2023_15_NYG_NO,2023,REG,15,NO,NYG,Dennis Allen,Brian Daboll,dome,24,6,18,home
2023_15_NYJ_MIA,2023,REG,15,MIA,NYJ,Mike McDaniel,Robert Saleh,outdoors,30,0,30,home
2023_15_PHI_SEA,2023,REG,15,SEA,PHI,Pete Carroll,Nick Sirianni,outdoors,20,17,3,home
2023_15_PIT_IND,2023,REG,15,IND,PIT,Shane Steichen,Mike Tomlin,closed,30,13,17,home
2023_15_SF_ARI,2023,REG,15,ARI,SF,Jonathan Gannon,Kyle Shanahan,open,29,45,-16,away
2023_15_TB_GB,2023,REG,15,GB,TB,Matt LaFleur,Todd Bowles,outdoors,20,34,-14,away
2023_15_WAS_LA,2023,REG,15,LA,WAS,Sean McVay,Ron Rivera,dome,28,20,8,home
2023_16_ARI_CHI,2023,REG,16,CHI,ARI,Matt Eberflus,Jonathan Gannon,outdoors,27,16,11,home
2023_16_BAL_SF,2023,REG,16,SF,BAL,Kyle Shanahan,John Harbaugh,outdoors,19,33,-14,away
2023_16_BUF_LAC,2023,REG,16,LAC,BUF,Giff Smith,Sean McDermott,dome,22,24,-2,away
2023_16_CIN_PIT,2023,REG,16,PIT,CIN,Mike Tomlin,Zac Taylor,outdoors,34,11,23,home
2023_16_CLE_HOU,2023,REG,16,HOU,CLE,DeMeco Ryans,Kevin Stefanski,closed,22,36,-14,away
2023_16_DAL_MIA,2023,REG,16,MIA,DAL,Mike McDaniel,Mike McCarthy,outdoors,22,20,2,home
2023_16_DET_MIN,2023,REG,16,MIN,DET,Kevin O'Connell,Dan Campbell,dome,24,30,-6,away
2023_16_GB_CAR,2023,REG,16,CAR,GB,Chris Tabor,Matt LaFleur,outdoors,30,33,-3,away
2023_16_IND_ATL,2023,REG,16,ATL,IND,Arthur Smith,Shane Steichen,closed,29,10,19,home
2023_16_JAX_TB,2023,REG,16,TB,JAX,Todd Bowles,Doug Pederson,outdoors,30,12,18,home
2023_16_LV_KC,2023,REG,16,KC,LV,Andy Reid,Antonio Pierce,outdoors,14,20,-6,away
2023_16_NE_DEN,2023,REG,16,DEN,NE,Sean Payton,Bill Belichick,outdoors,23,26,-3,away
2023_16_NO_LA,2023,REG,16,LA,NO,Sean McVay,Dennis Allen,dome,30,22,8,home
2023_16_NYG_PHI,2023,REG,16,PHI,NYG,Nick Sirianni,Brian Daboll,outdoors,33,25,8,home
2023_16_SEA_TEN,2023,REG,16,TEN,SEA,Mike Vrabel,Pete Carroll,outdoors,17,20,-3,away
2023_16_WAS_NYJ,2023,REG,16,NYJ,WAS,Robert Saleh,Ron Rivera,outdoors,30,28,2,home
2023_17_ARI_PHI,2023,REG,17,PHI,ARI,Nick Sirianni,Jonathan Gannon,outdoors,31,35,-4,away
2023_17_ATL_CHI,2023,REG,17,CHI,ATL,Matt Eberflus,Arthur Smith,outdoors,37,17,20,home
2023_17_CAR_JAX,2023,REG,17,JAX,CAR,Doug Pederson,Chris Tabor,outdoors,26,0,26,home
2023_17_CIN_KC,2023,REG,17,KC,CIN,Andy Reid,Zac Taylor,outdoors,25,17,8,home
2023_17_DET_DAL,2023,REG,17,DAL,DET,Mike McCarthy,Dan Campbell,closed,20,19,1,home
2023_17_GB_MIN,2023,REG,17,MIN,GB,Kevin O'Connell,Matt LaFleur,dome,10,33,-23,away
2023_17_LAC_DEN,2023,REG,17,DEN,LAC,Sean Payton,Giff Smith,outdoors,16,9,7,home
2023_17_LA_NYG,2023,REG,17,NYG,LA,Brian Daboll,Sean McVay,outdoors,25,26,-1,away
2023_17_LV_IND,2023,REG,17,IND,LV,Shane Steichen,Antonio Pierce,closed,23,20,3,home
2023_17_MIA_BAL,2023,REG,17,BAL,MIA,John Harbaugh,Mike McDaniel,outdoors,56,19,37,home
2023_17_NE_BUF,2023,REG,17,BUF,NE,Sean McDermott,Bill Belichick,outdoors,27,21,6,home
2023_17_NO_TB,2023,REG,17,TB,NO,Todd Bowles,Dennis Allen,outdoors,13,23,-10,away
2023_17_NYJ_CLE,2023,REG,17,CLE,NYJ,Kevin Stefanski,Robert Saleh,outdoors,37,20,17,home
2023_17_PIT_SEA,2023,REG,17,SEA,PIT,Pete Carroll,Mike Tomlin,outdoors,23,30,-7,away
2023_17_SF_WAS,2023,REG,17,WAS,SF,Ron Rivera,Kyle Shanahan,outdoors,10,27,-17,away
2023_17_TEN_HOU,2023,REG,17,HOU,TEN,DeMeco Ryans,Mike Vrabel,closed,26,3,23,home
2023_18_ATL_NO,2023,REG,18,NO,ATL,Dennis Allen,Arthur Smith,dome,48,17,31,home
2023_18_BUF_MIA,2023,REG,18,MIA,BUF,Mike McDaniel,Sean McDermott,outdoors,14,21,-7,away
2023_18_CHI_GB,2023,REG,18,GB,CHI,Matt LaFleur,Matt Eberflus,outdoors,17,9,8,home
2023_18_CLE_CIN,2023,REG,18,CIN,CLE,Zac Taylor,Kevin Stefanski,outdoors,31,14,17,home
2023_18_DAL_WAS,2023,REG,18,WAS,DAL,Ron Rivera,Mike McCarthy,outdoors,10,38,-28,away
2023_18_DEN_LV,2023,REG,18,LV,DEN,Antonio Pierce,Sean Payton,dome,27,14,13,home
2023_18_HOU_IND,2023,REG,18,IND,HOU,Shane Steichen,DeMeco Ryans,closed,19,23,-4,away
2023_18_JAX_TEN,2023,REG,18,TEN,JAX,Mike Vrabel,Doug Pederson,outdoors,28,20,8,home
2023_18_KC_LAC,2023,REG,18,LAC,KC,Giff Smith,Andy Reid,dome,12,13,-1,away
2023_18_LA_SF,2023,REG,18,SF,LA,Kyle Shanahan,Sean McVay,outdoors,20,21,-1,away
2023_18_MIN_DET,2023,REG,18,DET,MIN,Dan Campbell,Kevin O'Connell,dome,30,20,10,home
2023_18_NYJ_NE,2023,REG,18,NE,NYJ,Bill Belichick,Robert Saleh,outdoors,3,17,-14,away
2023_18_PHI_NYG,2023,REG,18,NYG,PHI,Brian Daboll,Nick Sirianni,outdoors,27,10,17,home
2023_18_PIT_BAL,2023,REG,18,BAL,PIT,John Harbaugh,Mike Tomlin,outdoors,10,17,-7,away
2023_18_SEA_ARI,2023,REG,18,ARI,SEA,Jonathan Gannon,Pete Carroll,closed,20,21,-1,away
2023_18_TB_CAR,2023,REG,18,CAR,TB,Chris Tabor,Todd Bowles,outdoors,0,9,-9,away
2023_19_CLE_HOU,2023,POST,19,HOU,CLE,DeMeco Ryans,Kevin Stefanski,closed,45,14,31,home
2023_19_GB_DAL,2023,POST,19,DAL,GB,Mike McCarthy,Matt LaFleur,closed,32,48,-16,away
2023_19_LA_DET,2023,POST,19,DET,LA,Dan Campbell,Sean McVay,dome,24,23,1,home
2023_19_MIA_KC,2023,POST,19,KC,MIA,Andy Reid,Mike McDaniel,outdoors,26,7,19,home
2023_19_PHI_TB,2023,POST,19,TB,PHI,Todd Bowles,Nick Sirianni,outdoors,32,9,23,home
2023_19_PIT_BUF,2023,POST,19,BUF,PIT,Sean McDermott,Mike Tomlin,outdoors,31,17,14,home
2023_20_GB_SF,2023,POST,20,SF,GB,Kyle Shanahan,Matt LaFleur,outdoors,24,21,3,home
2023_20_HOU_BAL,2023,POST,20,BAL,HOU,John Harbaugh,DeMeco Ryans,outdoors,34,10,24,home
2023_20_KC_BUF,2023,POST,20,BUF,KC,Sean McDermott,Andy Reid,outdoors,24,27,-3,away
2023_20_TB_DET,2023,POST,20,DET,TB,Dan Campbell,Todd Bowles,dome,31,23,8,home
2023_21_DET_SF,2023,POST,21,SF,DET,Kyle Shanahan,Dan Campbell,outdoors,34,31,3,home
2023_21_KC_BAL,2023,POST,21,BAL,KC,John Harbaugh,Andy Reid,outdoors,10,17,-7,away
2023_22_SF_KC,2023,POST,22,KC,SF,Andy Reid,Kyle Shanahan,dome,25,22,3,home
2024_01_ARI_BUF,2024,REG,1,BUF,ARI,Sean McDermott,Jonathan Gannon,outdoors,34,28,6,home
2024_01_BAL_KC,2024,REG,1,KC,BAL,Andy Reid,John Harbaugh,outdoors,27,20,7,home
2024_01_CAR_NO,2024,REG,1,NO,CAR,Dennis Allen,Dave Canales,dome,47,10,37,home
2024_01_DAL_CLE,2024,REG,1,CLE,DAL,Kevin Stefanski,Mike McCarthy,outdoors,17,33,-16,away
2024_01_DEN_SEA,2024,REG,1,SEA,DEN,Mike Macdonald,Sean Payton,outdoors,26,20,6,home
2024_01_GB_PHI,2024,REG,1,PHI,GB,Nick Sirianni,Matt LaFleur,outdoors,34,29,5,home
2024_01_HOU_IND,2024,REG,1,IND,HOU,Shane Steichen,DeMeco Ryans,closed,27,29,-2,away
2024_01_JAX_MIA,2024,REG,1,MIA,JAX,Mike McDaniel,Doug Pederson,outdoors,20,17,3,home
2024_01_LA_DET,2024,REG,1,DET,LA,Dan Campbell,Sean McVay,dome,26,20,6,home
2024_01_LV_LAC,2024,REG,1,LAC,LV,Jim Harbaugh,Antonio Pierce,dome,22,10,12,home
2024_01_MIN_NYG,2024,REG,1,NYG,MIN,Brian Daboll,Kevin O'Connell,outdoors,6,28,-22,away
2024_01_NE_CIN,2024,REG,1,CIN,NE,Zac Taylor,Jerod Mayo,outdoors,10,16,-6,away
2024_01_NYJ_SF,2024,REG,1,SF,NYJ,Kyle Shanahan,Robert Saleh,outdoors,32,19,13,home
2024_01_PIT_ATL,2024,REG,1,ATL,PIT,Raheem Morris,Mike Tomlin,closed,10,18,-8,away
2024_01_TEN_CHI,2024,REG,1,CHI,TEN,Matt Eberflus,Brian Callahan,outdoors,24,17,7,home
2024_01_WAS_TB,2024,REG,1,TB,WAS,Todd Bowles,Dan Quinn,outdoors,37,20,17,home
2024_02_ATL_PHI,2024,REG,2,PHI,ATL,Nick Sirianni,Raheem Morris,outdoors,21,22,-1,away
2024_02_BUF_MIA,2024,REG,2,MIA,BUF,Mike McDaniel,Sean McDermott,outdoors,10,31,-21,away
2024_02_CHI_HOU,2024,REG,2,HOU,CHI,DeMeco Ryans,Matt Eberflus,closed,19,13,6,home
2024_02_CIN_KC,2024,REG,2,KC,CIN,Andy Reid,Zac Taylor,outdoors,26,25,1,home
2024_02_CLE_JAX,2024,REG,2,JAX,CLE,Doug Pederson,Kevin Stefanski,outdoors,13,18,-5,away
2024_02_IND_GB,2024,REG,2,GB,IND,Matt LaFleur,Shane Steichen,outdoors,16,10,6,home
2024_02_LAC_CAR,2024,REG,2,CAR,LAC,Dave Canales,Jim Harbaugh,outdoors,3,26,-23,away
2024_02_LA_ARI,2024,REG,2,ARI,LA,Jonathan Gannon,Sean McVay,closed,41,10,31,home
2024_02_LV_BAL,2024,REG,2,BAL,LV,John Harbaugh,Antonio Pierce,outdoors,23,26,-3,away
2024_02_NO_DAL,2024,REG,2,DAL,NO,Mike McCarthy,Dennis Allen,closed,19,44,-25,away
2024_02_NYG_WAS,2024,REG,2,WAS,NYG,Dan Quinn,Brian Daboll,outdoors,21,18,3,home
2024_02_NYJ_TEN,2024,REG,2,TEN,NYJ,Brian Callahan,Robert Saleh,outdoors,17,24,-7,away
2024_02_PIT_DEN,2024,REG,2,DEN,PIT,Sean Payton,Mike Tomlin,outdoors,6,13,-7,away
2024_02_SEA_NE,2024,REG,2,NE,SEA,Jerod Mayo,Mike Macdonald,outdoors,20,23,-3,away
2024_02_SF_MIN,2024,REG,2,MIN,SF,Kevin O'Connell,Kyle Shanahan,dome,23,17,6,home
2024_02_TB_DET,2024,REG,2,DET,TB,Dan Campbell,Todd Bowles,dome,16,20,-4,away
2024_03_BAL_DAL,2024,REG,3,DAL,BAL,Mike McCarthy,John Harbaugh,closed,25,28,-3,away
2024_03_CAR_LV,2024,REG,3,LV,CAR,Antonio Pierce,Dave Canales,dome,22,36,-14,away
2024_03_CHI_IND,2024,REG,3,IND,CHI,Shane Steichen,Matt Eberflus,closed,21,16,5,home
2024_03_DEN_TB,2024,REG,3,TB,DEN,Todd Bowles,Sean Payton,outdoors,7,26,-19,away
2024_03_DET_ARI,2024,REG,3,ARI,DET,Jonathan Gannon,Dan Campbell,closed,13,20,-7,away
2024_03_GB_TEN,2024,REG,3,TEN,GB,Brian Callahan,Matt LaFleur,outdoors,14,30,-16,away
2024_03_HOU_MIN,2024,REG,3,MIN,HOU,Kevin O'Connell,DeMeco Ryans,dome,34,7,27,home
2024_03_JAX_BUF,2024,REG,3,BUF,JAX,Sean McDermott,Doug Pederson,outdoors,47,10,37,home
2024_03_KC_ATL,2024,REG,3,ATL,KC,Raheem Morris,Andy Reid,closed,17,22,-5,away
2024_03_LAC_PIT,2024,REG,3,PIT,LAC,Mike Tomlin,Jim Harbaugh,outdoors,20,10,10,home
2024_03_MIA_SEA,2024,REG,3,SEA,MIA,Mike Macdonald,Mike McDaniel,outdoors,24,3,21,home
2024_03_NE_NYJ,2024,REG,3,NYJ,NE,Robert Saleh,Jerod Mayo,outdoors,24,3,21,home
2024_03_NYG_CLE,2024,REG,3,CLE,NYG,Kevin Stefanski,Brian Daboll,outdoors,15,21,-6,away
2024_03_PHI_NO,2024,REG,3,NO,PHI,Dennis Allen,Nick Sirianni,dome,12,15,-3,away
2024_03_SF_LA,2024,REG,3,LA,SF,Sean McVay,Kyle Shanahan,dome,27,24,3,home
2024_03_WAS_CIN,2024,REG,3,CIN,WAS,Zac Taylor,Dan Quinn,outdoors,33,38,-5,away
2024_04_BUF_BAL,2024,REG,4,BAL,BUF,John Harbaugh,Sean McDermott,outdoors,35,10,25,home
2024_04_CIN_CAR,2024,REG,4,CAR,CIN,Dave Canales,Zac Taylor,outdoors,24,34,-10,away
2024_04_CLE_LV,2024,REG,4,LV,CLE,Antonio Pierce,Kevin Stefanski,dome,20,16,4,home
2024_04_DAL_NYG,2024,REG,4,NYG,DAL,Brian Daboll,Mike McCarthy,outdoors,15,20,-5,away
2024_04_DEN_NYJ,2024,REG,4,NYJ,DEN,Robert Saleh,Sean Payton,outdoors,9,10,-1,away
2024_04_JAX_HOU,2024,REG,4,HOU,JAX,DeMeco Ryans,Doug Pederson,closed,24,20,4,home
2024_04_KC_LAC,2024,REG,4,LAC,KC,Jim Harbaugh,Andy Reid,dome,10,17,-7,away
2024_04_LA_CHI,2024,REG,4,CHI,LA,Matt Eberflus,Sean McVay,outdoors,24,18,6,home
2024_04_MIN_GB,2024,REG,4,GB,MIN,Matt LaFleur,Kevin O'Connell,outdoors,29,31,-2,away
2024_04_NE_SF,2024,REG,4,SF,NE,Kyle Shanahan,Jerod Mayo,outdoors,30,13,17,home
2024_04_NO_ATL,2024,REG,4,ATL,NO,Raheem Morris,Dennis Allen,closed,26,24,2,home
2024_04_PHI_TB,2024,REG,4,TB,PHI,Todd Bowles,Nick Sirianni,outdoors,33,16,17,home
2024_04_PIT_IND,2024,REG,4,IND,PIT,Shane Steichen,Mike Tomlin,closed,27,24,3,home
2024_04_SEA_DET,2024,REG,4,DET,SEA,Dan Campbell,Mike Macdonald,dome,42,29,13,home
2024_04_TEN_MIA,2024,REG,4,MIA,TEN,Mike McDaniel,Brian Callahan,outdoors,12,31,-19,away
2024_04_WAS_ARI,2024,REG,4,ARI,WAS,Jonathan Gannon,Dan Quinn,closed,14,42,-28,away
2024_05_ARI_SF,2024,REG,5,SF,ARI,Kyle Shanahan,Jonathan Gannon,outdoors,23,24,-1,away
2024_05_BAL_CIN,2024,REG,5,CIN,BAL,Zac Taylor,John Harbaugh,outdoors,38,41,-3,away
2024_05_BUF_HOU,2024,REG,5,HOU,BUF,DeMeco Ryans,Sean McDermott,closed,23,20,3,home
2024_05_CAR_CHI,2024,REG,5,CHI,CAR,Matt Eberflus,Dave Canales,outdoors,36,10,26,home
2024_05_CLE_WAS,2024,REG,5,WAS,CLE,Dan Quinn,Kevin Stefanski,outdoors,34,13,21,home
2024_05_DAL_PIT,2024,REG,5,PIT,DAL,Mike Tomlin,Mike McCarthy,outdoors,17,20,-3,away
2024_05_GB_LA,2024,REG,5,LA,GB,Sean McVay,Matt LaFleur,dome,19,24,-5,away
2024_05_IND_JAX,2024,REG,5,JAX,IND,Doug Pederson,Shane Steichen,outdoors,37,34,3,home
2024_05_LV_DEN,2024,REG,5,DEN,LV,Sean Payton,Antonio Pierce,outdoors,34,18,16,home
2024_05_MIA_NE,2024,REG,5,NE,MIA,Jerod Mayo,Mike McDaniel,outdoors,10,15,-5,away
2024_05_NO_KC,2024,REG,5,KC,NO,Andy Reid,Dennis Allen,outdoors,26,13,13,home
2024_05_NYG_SEA,2024,REG,5,SEA,NYG,Mike Macdonald,Brian Daboll,outdoors,20,29,-9,away
2024_05_NYJ_MIN,2024,REG,5,MIN,NYJ,Kevin O'Connell,Robert Saleh,outdoors,23,17,6,home
2024_05_TB_ATL,2024,REG,5,ATL,TB,Raheem Morris,Todd Bowles,closed,36,30,6,home
2024_06_ARI_GB,2024,REG,6,GB,ARI,Matt LaFleur,Jonathan Gannon,outdoors,34,13,21,home
2024_06_ATL_CAR,2024,REG,6,CAR,ATL,Dave Canales,Raheem Morris,outdoors,20,38,-18,away
2024_06_BUF_NYJ,2024,REG,6,NYJ,BUF,Robert Saleh,Sean McDermott,outdoors,20,23,-3,away
2024_06_CIN_NYG,2024,REG,6,NYG,CIN,Brian Daboll,Zac Taylor,outdoors,7,17,-10,away
2024_06_CLE_PHI,2024,REG,6,PHI,CLE,Nick Sirianni,Kevin Stefanski,outdoors,20,16,4,home
2024_06_DET_DAL,2024,REG,6,DAL,DET,Mike McCarthy,Dan Campbell,closed,9,47,-38,away
2024_06_HOU_NE,2024,REG,6,NE,HOU,Jerod Mayo,DeMeco Ryans,outdoors,21,41,-20,away
2024_06_IND_TEN,2024,REG,6,TEN,IND,Brian Callahan,Shane Steichen,outdoors,17,20,-3,away
2024_06_JAX_CHI,2024,REG,6,CHI,JAX,Matt Eberflus,Doug Pederson,outdoors,35,16,19,home
2024_06_LAC_DEN,2024,REG,6,DEN,LAC,Sean Payton,Jim Harbaugh,outdoors,16,23,-7,away
2024_06_PIT_LV,2024,REG,6,LV,PIT,Antonio Pierce,Mike Tomlin,dome,13,32,-19,away
2024_06_SF_SEA,2024,REG,6,SEA,SF,Mike Macdonald,Kyle Shanahan,outdoors,24,36,-12,away
2024_06_TB_NO,2024,REG,6,NO,TB,Dennis Allen,Todd Bowles,dome,27,51,-24,away
2024_06_WAS_BAL,2024,REG,6,BAL,WAS,John Harbaugh,Dan Quinn,outdoors,30,23,7,home
2024_07_BAL_TB,2024,REG,7,TB,BAL,Todd Bowles,John Harbaugh,outdoors,31,41,-10,away
2024_07_CAR_WAS,2024,REG,7,WAS,CAR,Dan Quinn,Dave Canales,outdoors,40,7,33,home
2024_07_CIN_CLE,2024,REG,7,CLE,CIN,Kevin Stefanski,Zac Taylor,outdoors,14,21,-7,away
2024_07_DEN_NO,2024,REG,7,NO,DEN,Dennis Allen,Sean Payton,dome,10,33,-23,away
2024_07_DET_MIN,2024,REG,7,MIN,DET,Kevin O'Connell,Dan Campbell,dome,29,31,-2,away
2024_07_HOU_GB,2024,REG,7,GB,HOU,Matt LaFleur,DeMeco Ryans,outdoors,24,22,2,home
2024_07_KC_SF,2024,REG,7,SF,KC,Kyle Shanahan,Andy Reid,outdoors,18,28,-10,away
2024_07_LAC_ARI,2024,REG,7,ARI,LAC,Jonathan Gannon,Jim Harbaugh,closed,17,15,2,home
2024_07_LV_LA,2024,REG,7,LA,LV,Sean McVay,Antonio Pierce,dome,20,15,5,home
2024_07_MIA_IND,2024,REG,7,IND,MIA,Shane Steichen,Mike McDaniel,closed,16,10,6,home
2024_07_NE_JAX,2024,REG,7,JAX,NE,Doug Pederson,Jerod Mayo,outdoors,32,16,16,home
2024_07_NYJ_PIT,2024,REG,7,PIT,NYJ,Mike Tomlin,Robert Saleh,outdoors,37,15,22,home
2024_07_PHI_NYG,2024,REG,7,NYG,PHI,Brian Daboll,Nick Sirianni,outdoors,3,28,-25,away
2024_07_SEA_ATL,2024,REG,7,ATL,SEA,Raheem Morris,Mike Macdonald,closed,14,34,-20,away
2024_07_TEN_BUF,2024,REG,7,BUF,TEN,Sean McDermott,Brian Callahan,outdoors,34,10,24,home
2024_08_ARI_MIA,2024,REG,8,MIA,ARI,Mike McDaniel,Jonathan Gannon,outdoors,27,28,-1,away
2024_08_ATL_TB,2024,REG,8,TB,ATL,Todd Bowles,Raheem Morris,outdoors,26,31,-5,away
2024_08_BAL_CLE,2024,REG,8,CLE,BAL,Kevin Stefanski,John Harbaugh,outdoors,29,24,5,home
2024_08_BUF_SEA,2024,REG,8,SEA,BUF,Mike Macdonald,Sean McDermott,outdoors,10,31,-21,away
2024_08_CAR_DEN,2024,REG,8,DEN,CAR,Sean Payton,Dave Canales,outdoors,28,14,14,home
2024_08_CHI_WAS,2024,REG,8,WAS,CHI,Dan Quinn,Matt Eberflus,outdoors,18,15,3,home
2024_08_DAL_SF,2024,REG,8,SF,DAL,Kyle Shanahan,Mike McCarthy,outdoors,30,24,6,home
2024_08_GB_JAX,2024,REG,8,JAX,GB,Doug Pederson,Matt LaFleur,outdoors,27,30,-3,away
2024_08_IND_HOU,2024,REG,8,HOU,IND,DeMeco Ryans,Shane Steichen,closed,23,20,3,home
2024_08_KC_LV,2024,REG,8,LV,KC,Antonio Pierce,Andy Reid,dome,20,27,-7,away
2024_08_MIN_LA,2024,REG,8,LA,MIN,Sean McVay,Kevin O'Connell,dome,30,20,10,home
2024_08_NO_LAC,2024,REG,8,LAC,NO,Jim Harbaugh,Dennis Allen,dome,26,8,18,home
2024_08_NYG_PIT,2024,REG,8,PIT,NYG,Mike Tomlin,Brian Daboll,outdoors,26,18,8,home
2024_08_NYJ_NE,2024,REG,8,NE,NYJ,Jerod Mayo,Robert Saleh,outdoors,25,22,3,home
2024_08_PHI_CIN,2024,REG,8,CIN,PHI,Zac Taylor,Nick Sirianni,outdoors,17,37,-20,away
2024_08_TEN_DET,2024,REG,8,DET,TEN,Dan Campbell,Brian Callahan,dome,52,14,38,home
2024_09_CHI_ARI,2024,REG,9,ARI,CHI,Jonathan Gannon,Matt Eberflus,closed,29,9,20,home
2024_09_DAL_ATL,2024,REG,9,ATL,DAL,Raheem Morris,Mike McCarthy,closed,27,21,6,home
2024_09_DEN_BAL,2024,REG,9,BAL,DEN,John Harbaugh,Sean Payton,outdoors,41,10,31,home
2024_09_DET_GB,2024,REG,9,GB,DET,Matt LaFleur,Dan Campbell,outdoors,14,24,-10,away
2024_09_HOU_NYJ,2024,REG,9,NYJ,HOU,Robert Saleh,DeMeco Ryans,outdoors,21,13,8,home
2024_09_IND_MIN,2024,REG,9,MIN,IND,Kevin O'Connell,Shane Steichen,dome,21,13,8,home
2024_09_JAX_PHI,2024,REG,9,PHI,JAX,Nick Sirianni,Doug Pederson,outdoors,28,23,5,home
2024_09_LAC_CLE,2024,REG,9,CLE,LAC,Kevin Stefanski,Jim Harbaugh,outdoors,10,27,-17,away
2024_09_LA_SEA,2024,REG,9,SEA,LA,Mike Macdonald,Sean McVay,outdoors,20,26,-6,away
2024_09_LV_CIN,2024,REG,9,CIN,LV,Zac Taylor,Antonio Pierce,outdoors,41,24,17,home
2024_09_MIA_BUF,2024,REG,9,BUF,MIA,Sean McDermott,Mike McDaniel,outdoors,30,27,3,home
2024_09_NE_TEN,2024,REG,9,TEN,NE,Brian Callahan,Jerod Mayo,outdoors,20,17,3,home
2024_09_NO_CAR,2024,REG,9,CAR,NO,Dave Canales,Dennis Allen,outdoors,23,22,1,home
2024_09_TB_KC,2024,REG,9,KC,TB,Andy Reid,Todd Bowles,outdoors,30,24,6,home
2024_09_WAS_NYG,2024,REG,9,NYG,WAS,Brian Daboll,Dan Quinn,outdoors,22,27,-5,away
2024_10_ATL_NO,2024,REG,10,NO,ATL,Dennis Allen,Raheem Morris,dome,20,17,3,home
2024_10_BUF_IND,2024,REG,10,IND,BUF,Shane Steichen,Sean McDermott,closed,20,30,-10,away
2024_10_CIN_BAL,2024,REG,10,BAL,CIN,John Harbaugh,Zac Taylor,outdoors,35,34,1,home
2024_10_DEN_KC,2024,REG,10,KC,DEN,Andy Reid,Sean Payton,outdoors,16,14,2,home
2024_10_DET_HOU,2024,REG,10,HOU,DET,DeMeco Ryans,Dan Campbell,closed,23,26,-3,away
2024_10_MIA_LA,2024,REG,10,LA,MIA,Sean McVay,Mike McDaniel,dome,15,23,-8,away
2024_10_MIN_JAX,2024,REG,10,JAX,MIN,Doug Pederson,Kevin O'Connell,outdoors,7,12,-5,away
2024_10_NE_CHI,2024,REG,10,CHI,NE,Matt Eberflus,Jerod Mayo,outdoors,3,19,-16,away
2024_10_NYG_CAR,2024,REG,10,CAR,NYG,Dave Canales,Brian Daboll,outdoors,20,17,3,home
2024_10_NYJ_ARI,2024,REG,10,ARI,NYJ,Jonathan Gannon,Robert Saleh,closed,31,6,25,home
2024_10_PHI_DAL,2024,REG,10,DAL,PHI,Mike McCarthy,Nick Sirianni,closed,6,34,-28,away
2024_10_PIT_WAS,2024,REG,10,WAS,PIT,Dan Quinn,Mike Tomlin,outdoors,27,28,-1,away
2024_10_SF_TB,2024,REG,10,TB,SF,Todd Bowles,Kyle Shanahan,outdoors,20,23,-3,away
2024_10_TEN_LAC,2024,REG,10,LAC,TEN,Jim Harbaugh,Brian Callahan,dome,27,17,10,home
2024_11_ATL_DEN,2024,REG,11,DEN,ATL,Sean Payton,Raheem Morris,outdoors,38,6,32,home
2024_11_BAL_PIT,2024,REG,11,PIT,BAL,Mike Tomlin,John Harbaugh,outdoors,18,16,2,home
2024_11_CIN_LAC,2024,REG,11,LAC,CIN,Jim Harbaugh,Zac Taylor,dome,34,27,7,home
2024_11_CLE_NO,2024,REG,11,NO,CLE,Dennis Allen,Kevin Stefanski,dome,35,14,21,home
2024_11_GB_CHI,2024,REG,11,CHI,GB,Matt Eberflus,Matt LaFleur,outdoors,19,20,-1,away
2024_11_HOU_DAL,2024,REG,11,DAL,HOU,Mike McCarthy,DeMeco Ryans,closed,10,34,-24,away
2024_11_IND_NYJ,2024,REG,11,NYJ,IND,Robert Saleh,Shane Steichen,outdoors,27,28,-1,away
2024_11_JAX_DET,2024,REG,11,DET,JAX,Dan Campbell,Doug Pederson,dome,52,6,46,home
2024_11_KC_BUF,2024,REG,11,BUF,KC,Sean McDermott,Andy Reid,outdoors,30,21,9,home
2024_11_LA_NE,2024,REG,11,NE,LA,Jerod Mayo,Sean McVay,outdoors,22,28,-6,away
2024_11_LV_MIA,2024,REG,11,MIA,LV,Mike McDaniel,Antonio Pierce,outdoors,34,19,15,home
2024_11_MIN_TEN,2024,REG,11,TEN,MIN,Brian Callahan,Kevin O'Connell,outdoors,13,23,-10,away
2024_11_SEA_SF,2024,REG,11,SF,SEA,Kyle Shanahan,Mike Macdonald,outdoors,17,20,-3,away
2024_11_WAS_PHI,2024,REG,11,PHI,WAS,Nick Sirianni,Dan Quinn,outdoors,26,18,8,home
2024_12_ARI_SEA,2024,REG,12,SEA,ARI,Mike Macdonald,Jonathan Gannon,outdoors,16,6,10,home
2024_12_BAL_LAC,2024,REG,12,LAC,BAL,Jim Harbaugh,John Harbaugh,dome,23,30,-7,away
2024_12_DAL_WAS,2024,REG,12,WAS,DAL,Dan Quinn,Mike McCarthy,outdoors,26,34,-8,away
2024_12_DEN_LV,2024,REG,12,LV,DEN,Antonio Pierce,Sean Payton,dome,19,29,-10,away
2024_12_DET_IND,2024,REG,12,IND,DET,Shane Steichen,Dan Campbell,closed,6,24,-18,away
2024_12_KC_CAR,2024,REG,12,CAR,KC,Dave Canales,Andy Reid,outdoors,27,30,-3,away
2024_12_MIN_CHI,2024,REG,12,CHI,MIN,Matt Eberflus,Kevin O'Connell,outdoors,27,30,-3,away
2024_12_NE_MIA,2024,REG,12,MIA,NE,Mike McDaniel,Jerod Mayo,outdoors,34,15,19,home
2024_12_PHI_LA,2024,REG,12,LA,PHI,Sean McVay,Nick Sirianni,dome,20,37,-17,away
2024_12_PIT_CLE,2024,REG,12,CLE,PIT,Kevin Stefanski,Mike Tomlin,outdoors,24,19,5,home
2024_12_SF_GB,2024,REG,12,GB,SF,Matt LaFleur,Kyle Shanahan,outdoors,38,10,28,home
2024_12_TB_NYG,2024,REG,12,NYG,TB,Brian Daboll,Todd Bowles,outdoors,7,30,-23,away
2024_12_TEN_HOU,2024,REG,12,HOU,TEN,DeMeco Ryans,Brian Callahan,closed,27,32,-5,away
2024_13_ARI_MIN,2024,REG,13,MIN,ARI,Kevin O'Connell,Jonathan Gannon,dome,23,22,1,home
2024_13_CHI_DET,2024,REG,13,DET,CHI,Dan Campbell,Matt Eberflus,dome,23,20,3,home
2024_13_CLE_DEN,2024,REG,13,DEN,CLE,Sean Payton,Kevin Stefanski,outdoors,41,32,9,home
2024_13_HOU_JAX,2024,REG,13,JAX,HOU,Doug Pederson,DeMeco Ryans,outdoors,20,23,-3,away
2024_13_IND_NE,2024,REG,13,NE,IND,Jerod Mayo,Shane Steichen,outdoors,24,25,-1,away
2024_13_LAC_ATL,2024,REG,13,ATL,LAC,Raheem Morris,Jim Harbaugh,closed,13,17,-4,away
2024_13_LA_NO,2024,REG,13,NO,LA,Dennis Allen,Sean McVay,dome,14,21,-7,away
2024_13_LV_KC,2024,REG,13,KC,LV,Andy Reid,Antonio Pierce,outdoors,19,17,2,home
2024_13_MIA_GB,2024,REG,13,GB,MIA,Matt LaFleur,Mike McDaniel,outdoors,30,17,13,home
2024_13_NYG_DAL,2024,REG,13,DAL,NYG,Mike McCarthy,Brian Daboll,closed,27,20,7,home
2024_13_PHI_BAL,2024,REG,13,BAL,PHI,John Harbaugh,Nick Sirianni,outdoors,19,24,-5,away
2024_13_PIT_CIN,2024,REG,13,CIN,PIT,Zac Taylor,Mike Tomlin,outdoors,38,44,-6,away
2024_13_SEA_NYJ,2024,REG,13,NYJ,SEA,Robert Saleh,Mike Macdonald,outdoors,21,26,-5,away
2024_13_SF_BUF,2024,REG,13,BUF,SF,Sean McDermott,Kyle Shanahan,outdoors,35,10,25,home
2024_13_TB_CAR,2024,REG,13,CAR,TB,Dave Canales,Todd Bowles,outdoors,23,26,-3,away
2024_13_TEN_WAS,2024,REG,13,WAS,TEN,Dan Quinn,Brian Callahan,outdoors,42,19,23,home
2024_14_ATL_MIN,2024,REG,14,MIN,ATL,Kevin O'Connell,Raheem Morris,dome,42,21,21,home
2024_14_BUF_LA,2024,REG,14,LA,BUF,Sean McVay,Sean McDermott,dome,44,42,2,home
2024_14_CAR_PHI,2024,REG,14,PHI,CAR,Nick Sirianni,Dave Canales,outdoors,22,16,6,home
2024_14_CHI_SF,2024,REG,14,SF,CHI,Kyle Shanahan,Matt Eberflus,outdoors,38,13,25,home
2024_14_CIN_DAL,2024,REG,14,DAL,CIN,Mike McCarthy,Zac Taylor,closed,20,27,-7,away
2024_14_CLE_PIT,2024,REG,14,PIT,CLE,Mike Tomlin,Kevin Stefanski,outdoors,27,14,13,home
2024_14_GB_DET,2024,REG,14,DET,GB,Dan Campbell,Matt LaFleur,dome,34,31,3,home
2024_14_JAX_TEN,2024,REG,14,TEN,JAX,Brian Callahan,Doug Pederson,outdoors,6,10,-4,away
2024_14_LAC_KC,2024,REG,14,KC,LAC,Andy Reid,Jim Harbaugh,outdoors,19,17,2,home
2024_14_LV_TB,2024,REG,14,TB,LV,Todd Bowles,Antonio Pierce,outdoors,28,13,15,home
2024_14_NO_NYG,2024,REG,14,NYG,NO,Brian Daboll,Dennis Allen,outdoors,11,14,-3,away
2024_14_NYJ_MIA,2024,REG,14,MIA,NYJ,Mike McDaniel,Robert Saleh,outdoors,32,26,6,home
2024_14_SEA_ARI,2024,REG,14,ARI,SEA,Jonathan Gannon,Mike Macdonald,closed,18,30,-12,away
2024_15_ATL_LV,2024,REG,15,LV,ATL,Antonio Pierce,Raheem Morris,dome,9,15,-6,away
2024_15_BAL_NYG,2024,REG,15,NYG,BAL,Brian Daboll,John Harbaugh,outdoors,14,35,-21,away
2024_15_BUF_DET,2024,REG,15,DET,BUF,Dan Campbell,Sean McDermott,dome,42,48,-6,away
2024_15_CHI_MIN,2024,REG,15,MIN,CHI,Kevin O'Connell,Matt Eberflus,dome,30,12,18,home
2024_15_CIN_TEN,2024,REG,15,TEN,CIN,Brian Callahan,Zac Taylor,outdoors,27,37,-10,away
2024_15_DAL_CAR,2024,REG,15,CAR,DAL,Dave Canales,Mike McCarthy,outdoors,14,30,-16,away
2024_15_GB_SEA,2024,REG,15,SEA,GB,Mike Macdonald,Matt LaFleur,outdoors,13,30,-17,away
2024_15_IND_DEN,2024,REG,15,DEN,IND,Sean Payton,Shane Steichen,outdoors,31,13,18,home
2024_15_KC_CLE,2024,REG,15,CLE,KC,Kevin Stefanski,Andy Reid,outdoors,7,21,-14,away
2024_15_LA_SF,2024,REG,15,SF,LA,Kyle Shanahan,Sean McVay,outdoors,6,12,-6,away
2024_15_MIA_HOU,2024,REG,15,HOU,MIA,DeMeco Ryans,Mike McDaniel,closed,20,12,8,home
2024_15_NE_ARI,2024,REG,15,ARI,NE,Jonathan Gannon,Jerod Mayo,closed,30,17,13,home
2024_15_NYJ_JAX,2024,REG,15,JAX,NYJ,Doug Pederson,Robert Saleh,outdoors,25,32,-7,away
2024_15_PIT_PHI,2024,REG,15,PHI,PIT,Nick Sirianni,Mike Tomlin,outdoors,27,13,14,home
2024_15_TB_LAC,2024,REG,15,LAC,TB,Jim Harbaugh,Todd Bowles,dome,17,40,-23,away
2024_15_WAS_NO,2024,REG,15,NO,WAS,Dennis Allen,Dan Quinn,dome,19,20,-1,away
2024_16_ARI_CAR,2024,REG,16,CAR,ARI,Dave Canales,Jonathan Gannon,outdoors,36,30,6,home
2024_16_CLE_CIN,2024,REG,16,CIN,CLE,Zac Taylor,Kevin Stefanski,outdoors,24,6,18,home
2024_16_DEN_LAC,2024,REG,16,LAC,DEN,Jim Harbaugh,Sean Payton,dome,34,27,7,home
2024_16_DET_CHI,2024,REG,16,CHI,DET,Matt Eberflus,Dan Campbell,outdoors,17,34,-17,away
2024_16_HOU_KC,2024,REG,16,KC,HOU,Andy Reid,DeMeco Ryans,outdoors,27,19,8,home
2024_16_JAX_LV,2024,REG,16,LV,JAX,Antonio Pierce,Doug Pederson,dome,19,14,5,home
2024_16_LA_NYJ,2024,REG,16,NYJ,LA,Robert Saleh,Sean McVay,outdoors,9,19,-10,away
2024_16_MIN_SEA,2024,REG,16,SEA,MIN,Mike Macdonald,Kevin O'Connell,outdoors,24,27,-3,away
2024_16_NE_BUF,2024,REG,16,BUF,NE,Sean McDermott,Jerod Mayo,outdoors,24,21,3,home
2024_16_NO_GB,2024,REG,16,GB,NO,Matt LaFleur,Dennis Allen,outdoors,34,0,34,home
2024_16_NYG_ATL,2024,REG,16,ATL,NYG,Raheem Morris,Brian Daboll,closed,34,7,27,home
2024_16_PHI_WAS,2024,REG,16,WAS,PHI,Dan Quinn,Nick Sirianni,outdoors,36,33,3,home
2024_16_PIT_BAL,2024,REG,16,BAL,PIT,John Harbaugh,Mike Tomlin,outdoors,34,17,17,home
2024_16_SF_MIA,2024,REG,16,MIA,SF,Mike McDaniel,Kyle Shanahan,outdoors,29,17,12,home
2024_16_TB_DAL,2024,REG,16,DAL,TB,Mike McCarthy,Todd Bowles,closed,26,24,2,home
2024_16_TEN_IND,2024,REG,16,IND,TEN,Shane Steichen,Brian Callahan,closed,38,30,8,home
2024_17_ARI_LA,2024,REG,17,LA,ARI,Sean McVay,Jonathan Gannon,dome,13,9,4,home
2024_17_ATL_WAS,2024,REG,17,WAS,ATL,Dan Quinn,Raheem Morris,outdoors,30,24,6,home
2024_17_BAL_HOU,2024,REG,17,HOU,BAL,DeMeco Ryans,John Harbaugh,closed,2,31,-29,away
2024_17_CAR_TB,2024,REG,17,TB,CAR,Todd Bowles,Dave Canales,outdoors,48,14,34,home
2024_17_DAL_PHI,2024,REG,17,PHI,DAL,Nick Sirianni,Mike McCarthy,outdoors,41,7,34,home
2024_17_DEN_CIN,2024,REG,17,CIN,DEN,Zac Taylor,Sean Payton,outdoors,30,24,6,home
2024_17_DET_SF,2024,REG,17,SF,DET,Kyle Shanahan,Dan Campbell,outdoors,34,40,-6,away
2024_17_GB_MIN,2024,REG,17,MIN,GB,Kevin O'Connell,Matt LaFleur,dome,27,25,2,home
2024_17_IND_NYG,2024,REG,17,NYG,IND,Brian Daboll,Shane Steichen,outdoors,45,33,12,home
2024_17_KC_PIT,2024,REG,17,PIT,KC,Mike Tomlin,Andy Reid,outdoors,10,29,-19,away
2024_17_LAC_NE,2024,REG,17,NE,LAC,Jerod Mayo,Jim Harbaugh,outdoors,7,40,-33,away
2024_17_LV_NO,2024,REG,17,NO,LV,Dennis Allen,Antonio Pierce,dome,10,25,-15,away
2024_17_MIA_CLE,2024,REG,17,CLE,MIA,Kevin Stefanski,Mike McDaniel,outdoors,3,20,-17,away
2024_17_NYJ_BUF,2024,REG,17,BUF,NYJ,Sean McDermott,Robert Saleh,outdoors,40,14,26,home
2024_17_SEA_CHI,2024,REG,17,CHI,SEA,Matt Eberflus,Mike Macdonald,outdoors,3,6,-3,away
2024_17_TEN_JAX,2024,REG,17,JAX,TEN,Doug Pederson,Brian Callahan,outdoors,20,13,7,home
2024_18_BUF_NE,2024,REG,18,NE,BUF,Jerod Mayo,Sean McDermott,outdoors,23,16,7,home
2024_18_CAR_ATL,2024,REG,18,ATL,CAR,Raheem Morris,Dave Canales,closed,38,44,-6,away
2024_18_CHI_GB,2024,REG,18,GB,CHI,Matt LaFleur,Matt Eberflus,outdoors,22,24,-2,away
2024_18_CIN_PIT,2024,REG,18,PIT,CIN,Mike Tomlin,Zac Taylor,outdoors,17,19,-2,away
2024_18_CLE_BAL,2024,REG,18,BAL,CLE,John Harbaugh,Kevin Stefanski,outdoors,35,10,25,home
2024_18_HOU_TEN,2024,REG,18,TEN,HOU,Brian Callahan,DeMeco Ryans,outdoors,14,23,-9,away
2024_18_JAX_IND,2024,REG,18,IND,JAX,Shane Steichen,Doug Pederson,closed,26,23,3,home
2024_18_KC_DEN,2024,REG,18,DEN,KC,Sean Payton,Andy Reid,outdoors,38,0,38,home
2024_18_LAC_LV,2024,REG,18,LV,LAC,Antonio Pierce,Jim Harbaugh,dome,20,34,-14,away
2024_18_MIA_NYJ,2024,REG,18,NYJ,MIA,Robert Saleh,Mike McDaniel,outdoors,32,20,12,home
2024_18_MIN_DET,2024,REG,18,DET,MIN,Dan Campbell,Kevin O'Connell,dome,31,9,22,home
2024_18_NO_TB,2024,REG,18,TB,NO,Todd Bowles,Dennis Allen,outdoors,27,19,8,home
2024_18_NYG_PHI,2024,REG,18,PHI,NYG,Nick Sirianni,Brian Daboll,outdoors,20,13,7,home
2024_18_SEA_LA,2024,REG,18,LA,SEA,Sean McVay,Mike Macdonald,dome,25,30,-5,away
2024_18_SF_ARI,2024,REG,18,ARI,SF,Jonathan Gannon,Kyle Shanahan,closed,47,24,23,home
2024_18_WAS_DAL,2024,REG,18,DAL,WAS,Mike McCarthy,Dan Quinn,closed,19,23,-4,away
2024_19_DEN_BUF,2024,POST,19,BUF,DEN,Sean McDermott,Sean Payton,outdoors,31,7,24,home
2024_19_GB_PHI,2024,POST,19,PHI,GB,Nick Sirianni,Matt LaFleur,outdoors,22,10,12,home
2024_19_LAC_HOU,2024,POST,19,HOU,LAC,DeMeco Ryans,Jim Harbaugh,closed,32,12,20,home
2024_19_MIN_LA,2024,POST,19,LA,MIN,Sean McVay,Kevin O'Connell,closed,27,9,18,home
2024_19_PIT_BAL,2024,POST,19,BAL,PIT,John Harbaugh,Mike Tomlin,outdoors,28,14,14,home
2024_19_WAS_TB,2024,POST,19,TB,WAS,Todd Bowles,Dan Quinn,outdoors,20,23,-3,away
2024_20_BAL_BUF,2024,POST,20,BUF,BAL,Sean McDermott,John Harbaugh,outdoors,27,25,2,home
2024_20_HOU_KC,2024,POST,20,KC,HOU,Andy Reid,DeMeco Ryans,outdoors,23,14,9,home
2024_20_LA_PHI,2024,POST,20,PHI,LA,Nick Sirianni,Sean McVay,outdoors,28,22,6,home
2024_20_WAS_DET,2024,POST,20,DET,WAS,Dan Campbell,Dan Quinn,dome,31,45,-14,away
2024_21_BUF_KC,2024,POST,21,KC,BUF,Andy Reid,Sean McDermott,outdoors,32,29,3,home
2024_21_WAS_PHI,2024,POST,21,PHI,WAS,Nick Sirianni,Dan Quinn,outdoors,55,23,32,home
2024_22_KC_PHI,2024,POST,22,PHI,KC,Nick Sirianni,Andy Reid,dome,40,22,18,home
2025_01_ARI_NO,2025,REG,1,NO,ARI,Kellen Moore,Jonathan Gannon,dome,13,20,-7,away
2025_01_BAL_BUF,2025,REG,1,BUF,BAL,Sean McDermott,John Harbaugh,outdoors,41,40,1,home
2025_01_CAR_JAX,2025,REG,1,JAX,CAR,Liam Coen,Dave Canales,outdoors,26,10,16,home
2025_01_CIN_CLE,2025,REG,1,CLE,CIN,Kevin Stefanski,Zac Taylor,outdoors,16,17,-1,away
2025_01_DAL_PHI,2025,REG,1,PHI,DAL,Nick Sirianni,Brian Schottenheimer,outdoors,24,20,4,home
2025_01_DET_GB,2025,REG,1,GB,DET,Matt LaFleur,Dan Campbell,outdoors,27,13,14,home
2025_01_HOU_LA,2025,REG,1,LA,HOU,Sean McVay,DeMeco Ryans,dome,14,9,5,home
2025_01_KC_LAC,2025,REG,1,LAC,KC,Jim Harbaugh,Andy Reid,dome,27,21,6,home
2025_01_LV_NE,2025,REG,1,NE,LV,Mike Vrabel,Pete Carroll,outdoors,13,20,-7,away
2025_01_MIA_IND,2025,REG,1,IND,MIA,Shane Steichen,Mike McDaniel,closed,33,8,25,home
2025_01_MIN_CHI,2025,REG,1,CHI,MIN,Ben Johnson,Kevin O'Connell,outdoors,24,27,-3,away
2025_01_NYG_WAS,2025,REG,1,WAS,NYG,Dan Quinn,Brian Daboll,outdoors,21,6,15,home
2025_01_PIT_NYJ,2025,REG,1,NYJ,PIT,Aaron Glenn,Mike Tomlin,outdoors,32,34,-2,away
2025_01_SF_SEA,2025,REG,1,SEA,SF,Mike Macdonald,Kyle Shanahan,outdoors,13,17,-4,away
2025_01_TB_ATL,2025,REG,1,ATL,TB,Raheem Morris,Todd Bowles,closed,20,23,-3,away
2025_01_TEN_DEN,2025,REG,1,DEN,TEN,Sean Payton,Brian Callahan,outdoors,20,12,8,home
2025_02_ATL_MIN,2025,REG,2,MIN,ATL,Kevin O'Connell,Raheem Morris,dome,6,22,-16,away
2025_02_BUF_NYJ,2025,REG,2,NYJ,BUF,Aaron Glenn,Sean McDermott,outdoors,10,30,-20,away
2025_02_CAR_ARI,2025,REG,2,ARI,CAR,Jonathan Gannon,Dave Canales,closed,27,22,5,home
2025_02_CHI_DET,2025,REG,2,DET,CHI,Dan Campbell,Ben Johnson,dome,52,21,31,home
2025_02_CLE_BAL,2025,REG,2,BAL,CLE,John Harbaugh,Kevin Stefanski,outdoors,41,17,24,home
2025_02_DEN_IND,2025,REG,2,IND,DEN,Shane Steichen,Sean Payton,closed,29,28,1,home
2025_02_JAX_CIN,2025,REG,2,CIN,JAX,Zac Taylor,Liam Coen,outdoors,31,27,4,home
2025_02_LAC_LV,2025,REG,2,LV,LAC,Pete Carroll,Jim Harbaugh,dome,9,20,-11,away
2025_02_LA_TEN,2025,REG,2,TEN,LA,Brian Callahan,Sean McVay,outdoors,19,33,-14,away
2025_02_NE_MIA,2025,REG,2,MIA,NE,Mike McDaniel,Mike Vrabel,outdoors,27,33,-6,away
2025_02_NYG_DAL,2025,REG,2,DAL,NYG,Brian Schottenheimer,Brian Daboll,closed,40,37,3,home
2025_02_PHI_KC,2025,REG,2,KC,PHI,Andy Reid,Nick Sirianni,outdoors,17,20,-3,away
2025_02_SEA_PIT,2025,REG,2,PIT,SEA,Mike Tomlin,Mike Macdonald,outdoors,17,31,-14,away
2025_02_SF_NO,2025,REG,2,NO,SF,Kellen Moore,Kyle Shanahan,dome,21,26,-5,away
2025_02_TB_HOU,2025,REG,2,HOU,TB,DeMeco Ryans,Todd Bowles,closed,19,20,-1,away
2025_02_WAS_GB,2025,REG,2,GB,WAS,Matt LaFleur,Dan Quinn,outdoors,27,18,9,home
2025_03_ARI_SF,2025,REG,3,SF,ARI,Kyle Shanahan,Jonathan Gannon,outdoors,16,15,1,home
2025_03_ATL_CAR,2025,REG,3,CAR,ATL,Dave Canales,Raheem Morris,outdoors,30,0,30,home
2025_03_CIN_MIN,2025,REG,3,MIN,CIN,Kevin O'Connell,Zac Taylor,dome,48,10,38,home
2025_03_DAL_CHI,2025,REG,3,CHI,DAL,Ben Johnson,Brian Schottenheimer,outdoors,31,14,17,home
2025_03_DEN_LAC,2025,REG,3,LAC,DEN,Jim Harbaugh,Sean Payton,dome,23,20,3,home
2025_03_DET_BAL,2025,REG,3,BAL,DET,John Harbaugh,Dan Campbell,outdoors,30,38,-8,away
2025_03_GB_CLE,2025,REG,3,CLE,GB,Kevin Stefanski,Matt LaFleur,outdoors,13,10,3,home
2025_03_HOU_JAX,2025,REG,3,JAX,HOU,Liam Coen,DeMeco Ryans,outdoors,17,10,7,home
2025_03_IND_TEN,2025,REG,3,TEN,IND,Brian Callahan,Shane Steichen,outdoors,20,41,-21,away
2025_03_KC_NYG,2025,REG,3,NYG,KC,Brian Daboll,Andy Reid,outdoors,9,22,-13,away
2025_03_LA_PHI,2025,REG,3,PHI,LA,Nick Sirianni,Sean McVay,outdoors,33,26,7,home
2025_03_LV_WAS,2025,REG,3,WAS,LV,Dan Quinn,Pete Carroll,outdoors,41,24,17,home
2025_03_MIA_BUF,2025,REG,3,BUF,MIA,Sean McDermott,Mike McDaniel,outdoors,31,21,10,home
2025_03_NO_SEA,2025,REG,3,SEA,NO,Mike Macdonald,Kellen Moore,outdoors,44,13,31,home
2025_03_NYJ_TB,2025,REG,3,TB,NYJ,Todd Bowles,Aaron Glenn,outdoors,29,27,2,home
2025_03_PIT_NE,2025,REG,3,NE,PIT,Mike Vrabel,Mike Tomlin,outdoors,14,21,-7,away
2025_04_BAL_KC,2025,REG,4,KC,BAL,Andy Reid,John Harbaugh,outdoors,37,20,17,home
2025_04_CAR_NE,2025,REG,4,NE,CAR,Mike Vrabel,Dave Canales,outdoors,42,13,29,home
2025_04_CHI_LV,2025,REG,4,LV,CHI,Pete Carroll,Ben Johnson,dome,24,25,-1,away
2025_04_CIN_DEN,2025,REG,4,DEN,CIN,Sean Payton,Zac Taylor,outdoors,28,3,25,home
2025_04_CLE_DET,2025,REG,4,DET,CLE,Dan Campbell,Kevin Stefanski,dome,34,10,24,home
2025_04_GB_DAL,2025,REG,4,DAL,GB,Brian Schottenheimer,Matt LaFleur,closed,40,40,0,tie
2025_04_IND_LA,2025,REG,4,LA,IND,Sean McVay,Shane Steichen,dome,27,20,7,home
2025_04_JAX_SF,2025,REG,4,SF,JAX,Kyle Shanahan,Liam Coen,outdoors,21,26,-5,away
2025_04_LAC_NYG,2025,REG,4,NYG,LAC,Brian Daboll,Jim Harbaugh,outdoors,21,18,3,home
2025_04_MIN_PIT,2025,REG,4,PIT,MIN,Mike Tomlin,Kevin O'Connell,outdoors,24,21,3,home
2025_04_NO_BUF,2025,REG,4,BUF,NO,Sean McDermott,Kellen Moore,outdoors,31,19,12,home
2025_04_NYJ_MIA,2025,REG,4,MIA,NYJ,Mike McDaniel,Aaron Glenn,outdoors,27,21,6,home
2025_04_PHI_TB,2025,REG,4,TB,PHI,Todd Bowles,Nick Sirianni,outdoors,25,31,-6,away
2025_04_SEA_ARI,2025,REG,4,ARI,SEA,Jonathan Gannon,Mike Macdonald,closed,20,23,-3,away
2025_04_TEN_HOU,2025,REG,4,HOU,TEN,DeMeco Ryans,Brian Callahan,closed,26,0,26,home
2025_04_WAS_ATL,2025,REG,4,ATL,WAS,Raheem Morris,Dan Quinn,closed,34,27,7,home
2025_05_DAL_NYJ,2025,REG,5,NYJ,DAL,Aaron Glenn,Brian Schottenheimer,outdoors,22,37,-15,away
2025_05_DEN_PHI,2025,REG,5,PHI,DEN,Nick Sirianni,Sean Payton,outdoors,17,21,-4,away
2025_05_DET_CIN,2025,REG,5,CIN,DET,Zac Taylor,Dan Campbell,outdoors,24,37,-13,away
2025_05_HOU_BAL,2025,REG,5,BAL,HOU,John Harbaugh,DeMeco Ryans,outdoors,10,44,-34,away
2025_05_KC_JAX,2025,REG,5,JAX,KC,Liam Coen,Andy Reid,outdoors,31,28,3,home
2025_05_LV_IND,2025,REG,5,IND,LV,Shane Steichen,Pete Carroll,closed,40,6,34,home
2025_05_MIA_CAR,2025,REG,5,CAR,MIA,Dave Canales,Mike McDaniel,outdoors,27,24,3,home
2025_05_MIN_CLE,2025,REG,5,CLE,MIN,Kevin Stefanski,Kevin O'Connell,outdoors,17,21,-4,away
2025_05_NE_BUF,2025,REG,5,BUF,NE,Sean McDermott,Mike Vrabel,outdoors,20,23,-3,away
2025_05_NYG_NO,2025,REG,5,NO,NYG,Kellen Moore,Brian Daboll,dome,26,14,12,home
2025_05_SF_LA,2025,REG,5,LA,SF,Sean McVay,Kyle Shanahan,dome,23,26,-3,away
2025_05_TB_SEA,2025,REG,5,SEA,TB,Mike Macdonald,Todd Bowles,outdoors,35,38,-3,away
2025_05_TEN_ARI,2025,REG,5,ARI,TEN,Jonathan Gannon,Brian Callahan,closed,21,22,-1,away
2025_05_WAS_LAC,2025,REG,5,LAC,WAS,Jim Harbaugh,Dan Quinn,dome,10,27,-17,away
2025_06_ARI_IND,2025,REG,6,IND,ARI,Shane Steichen,Jonathan Gannon,closed,31,27,4,home
2025_06_BUF_ATL,2025,REG,6,ATL,BUF,Raheem Morris,Sean McDermott,closed,24,14,10,home
2025_06_CHI_WAS,2025,REG,6,WAS,CHI,Dan Quinn,Ben Johnson,outdoors,24,25,-1,away
2025_06_CIN_GB,2025,REG,6,GB,CIN,Matt LaFleur,Zac Taylor,outdoors,27,18,9,home
2025_06_CLE_PIT,2025,REG,6,PIT,CLE,Mike Tomlin,Kevin Stefanski,outdoors,23,9,14,home
2025_06_DAL_CAR,2025,REG,6,CAR,DAL,Dave Canales,Brian Schottenheimer,outdoors,30,27,3,home
2025_06_DEN_NYJ,2025,REG,6,NYJ,DEN,Aaron Glenn,Sean Payton,outdoors,11,13,-2,away
2025_06_DET_KC,2025,REG,6,KC,DET,Andy Reid,Dan Campbell,outdoors,30,17,13,home
2025_06_LAC_MIA,2025,REG,6,MIA,LAC,Mike McDaniel,Jim Harbaugh,outdoors,27,29,-2,away
2025_06_LA_BAL,2025,REG,6,BAL,LA,John Harbaugh,Sean McVay,outdoors,3,17,-14,away
2025_06_NE_NO,2025,REG,6,NO,NE,Kellen Moore,Mike Vrabel,dome,19,25,-6,away
2025_06_PHI_NYG,2025,REG,6,NYG,PHI,Brian Daboll,Nick Sirianni,outdoors,34,17,17,home
2025_06_SEA_JAX,2025,REG,6,JAX,SEA,Liam Coen,Mike Macdonald,outdoors,12,20,-8,away
2025_06_SF_TB,2025,REG,6,TB,SF,Todd Bowles,Kyle Shanahan,outdoors,30,19,11,home
2025_06_TEN_LV,2025,REG,6,LV,TEN,Pete Carroll,Brian Callahan,dome,20,10,10,home
2025_07_ATL_SF,2025,REG,7,SF,ATL,Kyle Shanahan,Raheem Morris,outdoors,20,10,10,home
2025_07_CAR_NYJ,2025,REG,7,NYJ,CAR,Aaron Glenn,Dave Canales,outdoors,6,13,-7,away
2025_07_GB_ARI,2025,REG,7,ARI,GB,Jonathan Gannon,Matt LaFleur,closed,23,27,-4,away
2025_07_HOU_SEA,2025,REG,7,SEA,HOU,Mike Macdonald,DeMeco Ryans,outdoors,27,19,8,home
2025_07_IND_LAC,2025,REG,7,LAC,IND,Jim Harbaugh,Shane Steichen,dome,24,38,-14,away
2025_07_LA_JAX,2025,REG,7,JAX,LA,Liam Coen,Sean McVay,outdoors,7,35,-28,away
2025_07_LV_KC,2025,REG,7,KC,LV,Andy Reid,Pete Carroll,outdoors,31,0,31,home
2025_07_MIA_CLE,2025,REG,7,CLE,MIA,Kevin Stefanski,Mike McDaniel,outdoors,31,6,25,home
2025_07_NE_TEN,2025,REG,7,TEN,NE,Brian Callahan,Mike Vrabel,outdoors,13,31,-18,away
2025_07_NO_CHI,2025,REG,7,CHI,NO,Ben Johnson,Kellen Moore,outdoors,26,14,12,home
2025_07_NYG_DEN,2025,REG,7,DEN,NYG,Sean Payton,Brian Daboll,outdoors,33,32,1,home
2025_07_PHI_MIN,2025,REG,7,MIN,PHI,Kevin O'Connell,Nick Sirianni,dome,22,28,-6,away
2025_07_PIT_CIN,2025,REG,7,CIN,PIT,Zac Taylor,Mike Tomlin,outdoors,33,31,2,home
2025_07_TB_DET,2025,REG,7,DET,TB,Dan Campbell,Todd Bowles,dome,24,9,15,home
2025_07_WAS_DAL,2025,REG,7,DAL,WAS,Brian Schottenheimer,Dan Quinn,closed,44,22,22,home
2025_08_BUF_CAR,2025,REG,8,CAR,BUF,Dave Canales,Sean McDermott,outdoors,9,40,-31,away
2025_08_CHI_BAL,2025,REG,8,BAL,CHI,John Harbaugh,Ben Johnson,outdoors,30,16,14,home
2025_08_CLE_NE,2025,REG,8,NE,CLE,Mike Vrabel,Kevin Stefanski,outdoors,32,13,19,home
2025_08_DAL_DEN,2025,REG,8,DEN,DAL,Sean Payton,Brian Schottenheimer,outdoors,44,24,20,home
2025_08_GB_PIT,2025,REG,8,PIT,GB,Mike Tomlin,Matt LaFleur,outdoors,25,35,-10,away
2025_08_MIA_ATL,2025,REG,8,ATL,MIA,Raheem Morris,Mike McDaniel,closed,10,34,-24,away
2025_08_MIN_LAC,2025,REG,8,LAC,MIN,Jim Harbaugh,Kevin O'Connell,dome,37,10,27,home
2025_08_NYG_PHI,2025,REG,8,PHI,NYG,Nick Sirianni,Brian Daboll,outdoors,38,20,18,home
2025_08_NYJ_CIN,2025,REG,8,CIN,NYJ,Zac Taylor,Aaron Glenn,outdoors,38,39,-1,away
2025_08_SF_HOU,2025,REG,8,HOU,SF,DeMeco Ryans,Kyle Shanahan,closed,26,15,11,home
2025_08_TB_NO,2025,REG,8,NO,TB,Kellen Moore,Todd Bowles,dome,3,23,-20,away
2025_08_TEN_IND,2025,REG,8,IND,TEN,Shane Steichen,Brian Callahan,closed,38,14,24,home
2025_08_WAS_KC,2025,REG,8,KC,WAS,Andy Reid,Dan Quinn,outdoors,28,7,21,home
2025_09_ARI_DAL,2025,REG,9,DAL,ARI,Brian Schottenheimer,Jonathan Gannon,closed,17,27,-10,away
2025_09_ATL_NE,2025,REG,9,NE,ATL,Mike Vrabel,Raheem Morris,outdoors,24,23,1,home
2025_09_BAL_MIA,2025,REG,9,MIA,BAL,Mike McDaniel,John Harbaugh,outdoors,6,28,-22,away
2025_09_CAR_GB,2025,REG,9,GB,CAR,Matt LaFleur,Dave Canales,outdoors,13,16,-3,away
2025_09_CHI_CIN,2025,REG,9,CIN,CHI,Zac Taylor,Ben Johnson,outdoors,42,47,-5,away
2025_09_DEN_HOU,2025,REG,9,HOU,DEN,DeMeco Ryans,Sean Payton,closed,15,18,-3,away
2025_09_IND_PIT,2025,REG,9,PIT,IND,Mike Tomlin,Shane Steichen,outdoors,27,20,7,home
2025_09_JAX_LV,2025,REG,9,LV,JAX,Pete Carroll,Liam Coen,dome,29,30,-1,away
2025_09_KC_BUF,2025,REG,9,BUF,KC,Sean McDermott,Andy Reid,outdoors,28,21,7,home
2025_09_LAC_TEN,2025,REG,9,TEN,LAC,Brian Callahan,Jim Harbaugh,outdoors,20,27,-7,away
2025_09_MIN_DET,2025,REG,9,DET,MIN,Dan Campbell,Kevin O'Connell,dome,24,27,-3,away
2025_09_NO_LA,2025,REG,9,LA,NO,Sean McVay,Kellen Moore,dome,34,10,24,home
2025_09_SEA_WAS,2025,REG,9,WAS,SEA,Dan Quinn,Mike Macdonald,outdoors,14,38,-24,away
2025_09_SF_NYG,2025,REG,9,NYG,SF,Brian Daboll,Kyle Shanahan,outdoors,24,34,-10,away
2025_10_ARI_SEA,2025,REG,10,SEA,ARI,Mike Macdonald,Jonathan Gannon,outdoors,44,22,22,home
2025_10_ATL_IND,2025,REG,10,IND,ATL,Shane Steichen,Raheem Morris,closed,31,25,6,home
2025_10_BAL_MIN,2025,REG,10,MIN,BAL,Kevin O'Connell,John Harbaugh,dome,19,27,-8,away
2025_10_BUF_MIA,2025,REG,10,MIA,BUF,Mike McDaniel,Sean McDermott,outdoors,30,13,17,home
2025_10_CLE_NYJ,2025,REG,10,NYJ,CLE,Aaron Glenn,Kevin Stefanski,outdoors,27,20,7,home
2025_10_DET_WAS,2025,REG,10,WAS,DET,Dan Quinn,Dan Campbell,outdoors,22,44,-22,away
2025_10_JAX_HOU,2025,REG,10,HOU,JAX,DeMeco Ryans,Liam Coen,closed,36,29,7,home
2025_10_LA_SF,2025,REG,10,SF,LA,Kyle Shanahan,Sean McVay,outdoors,26,42,-16,away
2025_10_LV_DEN,2025,REG,10,DEN,LV,Sean Payton,Pete Carroll,outdoors,10,7,3,home
2025_10_NE_TB,2025,REG,10,TB,NE,Todd Bowles,Mike Vrabel,outdoors,23,28,-5,away
2025_10_NO_CAR,2025,REG,10,CAR,NO,Dave Canales,Kellen Moore,outdoors,7,17,-10,away
2025_10_NYG_CHI,2025,REG,10,CHI,NYG,Ben Johnson,Brian Daboll,outdoors,24,20,4,home
2025_10_PHI_GB,2025,REG,10,GB,PHI,Matt LaFleur,Nick Sirianni,outdoors,7,10,-3,away
2025_10_PIT_LAC,2025,REG,10,LAC,PIT,Jim Harbaugh,Mike Tomlin,dome,25,10,15,home
2025_11_BAL_CLE,2025,REG,11,CLE,BAL,Kevin Stefanski,John Harbaugh,outdoors,16,23,-7,away
2025_11_CAR_ATL,2025,REG,11,ATL,CAR,Raheem Morris,Dave Canales,closed,27,30,-3,away
2025_11_CHI_MIN,2025,REG,11,MIN,CHI,Kevin O'Connell,Ben Johnson,dome,17,19,-2,away
2025_11_CIN_PIT,2025,REG,11,PIT,CIN,Mike Tomlin,Zac Taylor,outdoors,34,12,22,home
2025_11_DAL_LV,2025,REG,11,LV,DAL,Pete Carroll,Brian Schottenheimer,dome,16,33,-17,away
2025_11_DET_PHI,2025,REG,11,PHI,DET,Nick Sirianni,Dan Campbell,outdoors,16,9,7,home
2025_11_GB_NYG,2025,REG,11,NYG,GB,Brian Daboll,Matt LaFleur,outdoors,20,27,-7,away
2025_11_HOU_TEN,2025,REG,11,TEN,HOU,Brian Callahan,DeMeco Ryans,outdoors,13,16,-3,away
2025_11_KC_DEN,2025,REG,11,DEN,KC,Sean Payton,Andy Reid,outdoors,22,19,3,home
2025_11_LAC_JAX,2025,REG,11,JAX,LAC,Liam Coen,Jim Harbaugh,outdoors,35,6,29,home
2025_11_NYJ_NE,2025,REG,11,NE,NYJ,Mike Vrabel,Aaron Glenn,outdoors,27,14,13,home
2025_11_SEA_LA,2025,REG,11,LA,SEA,Sean McVay,Mike Macdonald,dome,21,19,2,home
2025_11_SF_ARI,2025,REG,11,ARI,SF,Jonathan Gannon,Kyle Shanahan,closed,22,41,-19,away
2025_11_TB_BUF,2025,REG,11,BUF,TB,Sean McDermott,Todd Bowles,outdoors,44,32,12,home
2025_11_WAS_MIA,2025,REG,11,MIA,WAS,Mike McDaniel,Dan Quinn,outdoors,16,13,3,home
2025_12_ATL_NO,2025,REG,12,NO,ATL,Kellen Moore,Raheem Morris,dome,10,24,-14,away
2025_12_BUF_HOU,2025,REG,12,HOU,BUF,DeMeco Ryans,Sean McDermott,closed,23,19,4,home
2025_12_CAR_SF,2025,REG,12,SF,CAR,Kyle Shanahan,Dave Canales,outdoors,20,9,11,home
2025_12_CLE_LV,2025,REG,12,LV,CLE,Pete Carroll,Kevin Stefanski,dome,10,24,-14,away
2025_12_IND_KC,2025,REG,12,KC,IND,Andy Reid,Shane Steichen,outdoors,23,20,3,home
2025_12_JAX_ARI,2025,REG,12,ARI,JAX,Jonathan Gannon,Liam Coen,closed,24,27,-3,away
2025_12_MIN_GB,2025,REG,12,GB,MIN,Matt LaFleur,Kevin O'Connell,outdoors,23,6,17,home
2025_12_NE_CIN,2025,REG,12,CIN,NE,Zac Taylor,Mike Vrabel,outdoors,20,26,-6,away
2025_12_NYG_DET,2025,REG,12,DET,NYG,Dan Campbell,Brian Daboll,dome,34,27,7,home
2025_12_NYJ_BAL,2025,REG,12,BAL,NYJ,John Harbaugh,Aaron Glenn,outdoors,23,10,13,home
2025_12_PHI_DAL,2025,REG,12,DAL,PHI,Brian Schottenheimer,Nick Sirianni,closed,24,21,3,home
2025_12_PIT_CHI,2025,REG,12,CHI,PIT,Ben Johnson,Mike Tomlin,outdoors,31,28,3,home
2025_12_SEA_TEN,2025,REG,12,TEN,SEA,Brian Callahan,Mike Macdonald,outdoors,24,30,-6,away
2025_12_TB_LA,2025,REG,12,LA,TB,Sean McVay,Todd Bowles,dome,34,7,27,home
2025_13_ARI_TB,2025,REG,13,TB,ARI,Todd Bowles,Jonathan Gannon,outdoors,20,17,3,home
2025_13_ATL_NYJ,2025,REG,13,NYJ,ATL,Aaron Glenn,Raheem Morris,outdoors,27,24,3,home
2025_13_BUF_PIT,2025,REG,13,PIT,BUF,Mike Tomlin,Sean McDermott,outdoors,7,26,-19,away
2025_13_CHI_PHI,2025,REG,13,PHI,CHI,Nick Sirianni,Ben Johnson,outdoors,15,24,-9,away
2025_13_CIN_BAL,2025,REG,13,BAL,CIN,John Harbaugh,Zac Taylor,outdoors,14,32,-18,away
2025_13_DEN_WAS,2025,REG,13,WAS,DEN,Dan Quinn,Sean Payton,outdoors,26,27,-1,away
2025_13_GB_DET,2025,REG,13,DET,GB,Dan Campbell,Matt LaFleur,dome,24,31,-7,away
2025_13_HOU_IND,2025,REG,13,IND,HOU,Shane Steichen,DeMeco Ryans,closed,16,20,-4,away
2025_13_JAX_TEN,2025,REG,13,TEN,JAX,Brian Callahan,Liam Coen,outdoors,3,25,-22,away
2025_13_KC_DAL,2025,REG,13,DAL,KC,Brian Schottenheimer,Andy Reid,closed,31,28,3,home
2025_13_LA_CAR,2025,REG,13,CAR,LA,Dave Canales,Sean McVay,outdoors,31,28,3,home
2025_13_LV_LAC,2025,REG,13,LAC,LV,Jim Harbaugh,Pete Carroll,dome,31,14,17,home
2025_13_MIN_SEA,2025,REG,13,SEA,MIN,Mike Macdonald,Kevin O'Connell,outdoors,26,0,26,home
2025_13_NO_MIA,2025,REG,13,MIA,NO,Mike McDaniel,Kellen Moore,outdoors,21,17,4,home
2025_13_NYG_NE,2025,REG,13,NE,NYG,Mike Vrabel,Brian Daboll,outdoors,33,15,18,home
2025_13_SF_CLE,2025,REG,13,CLE,SF,Kevin Stefanski,Kyle Shanahan,outdoors,8,26,-18,away
2025_14_CHI_GB,2025,REG,14,GB,CHI,Matt LaFleur,Ben Johnson,outdoors,28,21,7,home
2025_14_CIN_BUF,2025,REG,14,BUF,CIN,Sean McDermott,Zac Taylor,outdoors,39,34,5,home
2025_14_DAL_DET,2025,REG,14,DET,DAL,Dan Campbell,Brian Schottenheimer,dome,44,30,14,home
2025_14_DEN_LV,2025,REG,14,LV,DEN,Pete Carroll,Sean Payton,dome,17,24,-7,away
2025_14_HOU_KC,2025,REG,14,KC,HOU,Andy Reid,DeMeco Ryans,outdoors,10,20,-10,away
2025_14_IND_JAX,2025,REG,14,JAX,IND,Liam Coen,Shane Steichen,outdoors,36,19,17,home
2025_14_LA_ARI,2025,REG,14,ARI,LA,Jonathan Gannon,Sean McVay,closed,17,45,-28,away
2025_14_MIA_NYJ,2025,REG,14,NYJ,MIA,Aaron Glenn,Mike McDaniel,outdoors,10,34,-24,away
2025_14_NO_TB,2025,REG,14,TB,NO,Todd Bowles,Kellen Moore,outdoors,20,24,-4,away
2025_14_PHI_LAC,2025,REG,14,LAC,PHI,Jim Harbaugh,Nick Sirianni,dome,22,19,3,home
2025_14_PIT_BAL,2025,REG,14,BAL,PIT,John Harbaugh,Mike Tomlin,outdoors,22,27,-5,away
2025_14_SEA_ATL,2025,REG,14,ATL,SEA,Raheem Morris,Mike Macdonald,closed,9,37,-28,away
2025_14_TEN_CLE,2025,REG,14,CLE,TEN,Kevin Stefanski,Brian Callahan,outdoors,29,31,-2,away
2025_14_WAS_MIN,2025,REG,14,MIN,WAS,Kevin O'Connell,Dan Quinn,dome,31,0,31,home
2025_15_ARI_HOU,2025,REG,15,HOU,ARI,DeMeco Ryans,Jonathan Gannon,closed,40,20,20,home
2025_15_ATL_TB,2025,REG,15,TB,ATL,Todd Bowles,Raheem Morris,outdoors,28,29,-1,away
2025_15_BAL_CIN,2025,REG,15,CIN,BAL,Zac Taylor,John Harbaugh,outdoors,0,24,-24,away
2025_15_BUF_NE,2025,REG,15,NE,BUF,Mike Vrabel,Sean McDermott,outdoors,31,35,-4,away
2025_15_CAR_NO,2025,REG,15,NO,CAR,Kellen Moore,Dave Canales,dome,20,17,3,home
2025_15_CLE_CHI,2025,REG,15,CHI,CLE,Ben Johnson,Kevin Stefanski,outdoors,31,3,28,home
2025_15_DET_LA,2025,REG,15,LA,DET,Sean McVay,Dan Campbell,dome,41,34,7,home
2025_15_GB_DEN,2025,REG,15,DEN,GB,Sean Payton,Matt LaFleur,outdoors,34,26,8,home
2025_15_IND_SEA,2025,REG,15,SEA,IND,Mike Macdonald,Shane Steichen,outdoors,18,16,2,home
2025_15_LAC_KC,2025,REG,15,KC,LAC,Andy Reid,Jim Harbaugh,outdoors,13,16,-3,away
2025_15_LV_PHI,2025,REG,15,PHI,LV,Nick Sirianni,Pete Carroll,outdoors,31,0,31,home
2025_15_MIA_PIT,2025,REG,15,PIT,MIA,Mike Tomlin,Mike McDaniel,outdoors,28,15,13,home
2025_15_MIN_DAL,2025,REG,15,DAL,MIN,Brian Schottenheimer,Kevin O'Connell,closed,26,34,-8,away
2025_15_NYJ_JAX,2025,REG,15,JAX,NYJ,Liam Coen,Aaron Glenn,outdoors,48,20,28,home
2025_15_TEN_SF,2025,REG,15,SF,TEN,Kyle Shanahan,Brian Callahan,outdoors,37,24,13,home
2025_15_WAS_NYG,2025,REG,15,NYG,WAS,Brian Daboll,Dan Quinn,outdoors,21,29,-8,away
2025_16_ATL_ARI,2025,REG,16,ARI,ATL,Jonathan Gannon,Raheem Morris,closed,19,26,-7,away
2025_16_BUF_CLE,2025,REG,16,CLE,BUF,Kevin Stefanski,Sean McDermott,outdoors,20,23,-3,away
2025_16_CIN_MIA,2025,REG,16,MIA,CIN,Mike McDaniel,Zac Taylor,outdoors,21,45,-24,away
2025_16_GB_CHI,2025,REG,16,CHI,GB,Ben Johnson,Matt LaFleur,outdoors,22,16,6,home
2025_16_JAX_DEN,2025,REG,16,DEN,JAX,Sean Payton,Liam Coen,outdoors,20,34,-14,away
2025_16_KC_TEN,2025,REG,16,TEN,KC,Brian Callahan,Andy Reid,outdoors,26,9,17,home
2025_16_LAC_DAL,2025,REG,16,DAL,LAC,Brian Schottenheimer,Jim Harbaugh,closed,17,34,-17,away
2025_16_LA_SEA,2025,REG,16,SEA,LA,Mike Macdonald,Sean McVay,outdoors,38,37,1,home
2025_16_LV_HOU,2025,REG,16,HOU,LV,DeMeco Ryans,Pete Carroll,closed,23,21,2,home
2025_16_MIN_NYG,2025,REG,16,NYG,MIN,Brian Daboll,Kevin O'Connell,outdoors,13,16,-3,away
2025_16_NE_BAL,2025,REG,16,BAL,NE,John Harbaugh,Mike Vrabel,outdoors,24,28,-4,away
2025_16_NYJ_NO,2025,REG,16,NO,NYJ,Kellen Moore,Aaron Glenn,dome,29,6,23,home
2025_16_PHI_WAS,2025,REG,16,WAS,PHI,Dan Quinn,Nick Sirianni,outdoors,18,29,-11,away
2025_16_PIT_DET,2025,REG,16,DET,PIT,Dan Campbell,Mike Tomlin,dome,24,29,-5,away
2025_16_SF_IND,2025,REG,16,IND,SF,Shane Steichen,Kyle Shanahan,closed,27,48,-21,away
2025_16_TB_CAR,2025,REG,16,CAR,TB,Dave Canales,Todd Bowles,outdoors,23,20,3,home
2025_17_ARI_CIN,2025,REG,17,CIN,ARI,Zac Taylor,Jonathan Gannon,outdoors,37,14,23,home
2025_17_BAL_GB,2025,REG,17,GB,BAL,Matt LaFleur,John Harbaugh,outdoors,24,41,-17,away
2025_17_CHI_SF,2025,REG,17,SF,CHI,Kyle Shanahan,Ben Johnson,outdoors,42,38,4,home
2025_17_DAL_WAS,2025,REG,17,WAS,DAL,Dan Quinn,Brian Schottenheimer,outdoors,23,30,-7,away
2025_17_DEN_KC,2025,REG,17,KC,DEN,Andy Reid,Sean Payton,outdoors,13,20,-7,away
2025_17_DET_MIN,2025,REG,17,MIN,DET,Kevin O'Connell,Dan Campbell,dome,23,10,13,home
2025_17_HOU_LAC,2025,REG,17,LAC,HOU,Jim Harbaugh,DeMeco Ryans,dome,16,20,-4,away
2025_17_JAX_IND,2025,REG,17,IND,JAX,Shane Steichen,Liam Coen,closed,17,23,-6,away
2025_17_LA_ATL,2025,REG,17,ATL,LA,Raheem Morris,Sean McVay,closed,27,24,3,home
2025_17_NE_NYJ,2025,REG,17,NYJ,NE,Aaron Glenn,Mike Vrabel,outdoors,10,42,-32,away
2025_17_NO_TEN,2025,REG,17,TEN,NO,Brian Callahan,Kellen Moore,outdoors,26,34,-8,away
2025_17_NYG_LV,2025,REG,17,LV,NYG,Pete Carroll,Brian Daboll,dome,10,34,-24,away
2025_17_PHI_BUF,2025,REG,17,BUF,PHI,Sean McDermott,Nick Sirianni,outdoors,12,13,-1,away
2025_17_PIT_CLE,2025,REG,17,CLE,PIT,Kevin Stefanski,Mike Tomlin,outdoors,13,6,7,home
2025_17_SEA_CAR,2025,REG,17,CAR,SEA,Dave Canales,Mike Macdonald,outdoors,10,27,-17,away
2025_17_TB_MIA,2025,REG,17,MIA,TB,Mike McDaniel,Todd Bowles,outdoors,20,17,3,home
2025_18_ARI_LA,2025,REG,18,LA,ARI,Sean McVay,Jonathan Gannon,dome,37,20,17,home
2025_18_BAL_PIT,2025,REG,18,PIT,BAL,Mike Tomlin,John Harbaugh,outdoors,26,24,2,home
2025_18_CAR_TB,2025,REG,18,TB,CAR,Todd Bowles,Dave Canales,outdoors,16,14,2,home
2025_18_CLE_CIN,2025,REG,18,CIN,CLE,Zac Taylor,Kevin Stefanski,outdoors,18,20,-2,away
2025_18_DAL_NYG,2025,REG,18,NYG,DAL,Brian Daboll,Brian Schottenheimer,outdoors,34,17,17,home
2025_18_DET_CHI,2025,REG,18,CHI,DET,Ben Johnson,Dan Campbell,outdoors,16,19,-3,away
2025_18_GB_MIN,2025,REG,18,MIN,GB,Kevin O'Connell,Matt LaFleur,dome,16,3,13,home
2025_18_IND_HOU,2025,REG,18,HOU,IND,DeMeco Ryans,Shane Steichen,closed,38,30,8,home
2025_18_KC_LV,2025,REG,18,LV,KC,Pete Carroll,Andy Reid,dome,14,12,2,home
2025_18_LAC_DEN,2025,REG,18,DEN,LAC,Sean Payton,Jim Harbaugh,outdoors,19,3,16,home
2025_18_MIA_NE,2025,REG,18,NE,MIA,Mike Vrabel,Mike McDaniel,outdoors,38,10,28,home
2025_18_NO_ATL,2025,REG,18,ATL,NO,Raheem Morris,Kellen Moore,closed,19,17,2,home
2025_18_NYJ_BUF,2025,REG,18,BUF,NYJ,Sean McDermott,Aaron Glenn,outdoors,35,8,27,home
2025_18_SEA_SF,2025,REG,18,SF,SEA,Kyle Shanahan,Mike Macdonald,outdoors,3,13,-10,away
2025_18_TEN_JAX,2025,REG,18,JAX,TEN,Liam Coen,Brian Callahan,outdoors,41,7,34,home
2025_18_WAS_PHI,2025,REG,18,PHI,WAS,Nick Sirianni,Dan Quinn,outdoors,17,24,-7,away
2025_19_BUF_JAX,2025,POST,19,JAX,BUF,Liam Coen,Sean McDermott,outdoors,24,27,-3,away
2025_19_GB_CHI,2025,POST,19,CHI,GB,Ben Johnson,Matt LaFleur,outdoors,31,27,4,home
2025_19_HOU_PIT,2025,POST,19,PIT,HOU,Mike Tomlin,DeMeco Ryans,outdoors,6,30,-24,away
2025_19_LAC_NE,2025,POST,19,NE,LAC,Mike Vrabel,Jim Harbaugh,outdoors,16,3,13,home
2025_19_LA_CAR,2025,POST,19,CAR,LA,Dave Canales,Sean McVay,outdoors,31,34,-3,away
2025_19_SF_PHI,2025,POST,19,PHI,SF,Nick Sirianni,Kyle Shanahan,outdoors,19,23,-4,away
2025_20_BUF_DEN,2025,POST,20,DEN,BUF,Sean Payton,Sean McDermott,outdoors,33,30,3,home
2025_20_HOU_NE,2025,POST,20,NE,HOU,Mike Vrabel,DeMeco Ryans,outdoors,28,16,12,home
2025_20_LA_CHI,2025,POST,20,CHI,LA,Ben Johnson,Sean McVay,outdoors,17,20,-3,away
2025_20_SF_SEA,2025,POST,20,SEA,SF,Mike Macdonald,Kyle Shanahan,outdoors,41,6,35,home
2025_21_LA_SEA,2025,POST,21,SEA,LA,Mike Macdonald,Sean McVay,outdoors,31,27,4,home
2025_21_NE_DEN,2025,POST,21,DEN,NE,Sean Payton,Mike Vrabel,outdoors,7,10,-3,away
2025_22_SEA_NE,2025,POST,22,NE,SEA,Mike Vrabel,Mike Macdonald,outdoors,13,29,-16,away
